lat,lon,sz,names,len_cat
13.7978289,100.5512039,2,"""Name: 702209198""",0
13.7978053,100.5512496,2,"""Name: 2141597159""",1
13.797605,100.5516117,2,"""Name: 11066418074""",2
13.7975289,100.5517491,2,"""Name: 7059027267""",3
13.7973266,100.5521095,2,"""Name: 3845472779""",4
13.797036,100.5526398,2,"""Name: 3845472767""",5
13.7968894,100.5529153,2,"""Name: 3845472765""",6
13.7968063,100.553059,2,"""Name: 3845472763""",7
13.7967112,100.5532461,2,"""Name: 702209243""",8
13.7964871,100.5536215,2,"""Name: 3845472752""",9
13.7963741,100.5538214,2,"""Name: 3845472746""",10
13.7958357,100.5547666,2,"""Name: 702209223""",11
13.7959523,100.5548848,2,"""Name: 702212972""",12
13.7963048,100.555143,2,"""Name: 2141597147""",13
13.7963194,100.5551551,2,"""Name: 702212978""",14
13.7964226,100.5552372,2,"""Name: 702212980""",15
13.7965708,100.5552747,2,"""Name: 702212981""",16
13.7968675,100.5553135,2,"""Name: 7941195240""",17
13.7969934,100.5553365,2,"""Name: 7941195247""",18
13.7973506,100.5553887,2,"""Name: 702212974""",19
13.7975392,100.5554096,2,"""Name: 2141615262""",20
13.7979174,100.5554642,2,"""Name: 2141615276""",21
13.7982941,100.5555481,2,"""Name: 2141615258""",22
13.7985846,100.5555859,2,"""Name: 7135316913""",23
13.7986664,100.5555965,2,"""Name: 2141615274""",24
13.7988025,100.5556176,2,"""Name: 3778949861""",25
13.7988276,100.5556231,2,"""Name: 702213021""",26
13.7986596,100.5565685,2,"""Name: 7911562547""",27
13.7985026,100.5574856,2,"""Name: 702212994""",28
13.7984099,100.5579953,2,"""Name: 702213012""",29
13.7983403,100.5585017,2,"""Name: 702213002""",30
13.7982664,100.5589952,2,"""Name: 3726832040""",31
13.7986072,100.5590503,2,"""Name: 3726832044""",32
13.7982664,100.5589952,2,"""Name: 3726832040""",33
13.798188,100.5594729,2,"""Name: 3726832042""",34
13.7985218,100.559515,2,"""Name: 3726832045""",35
13.798188,100.5594729,2,"""Name: 3726832042""",36
13.7981191,100.559932,2,"""Name: 702213006""",37
13.7976594,100.5598663,2,"""Name: 7911562548""",38
13.7969522,100.559755,2,"""Name: 3712855012""",39
13.7969483,100.559814,2,"""Name: 3845472766""",40
13.7969313,100.5600205,2,"""Name: 702213000""",41
13.7969127,100.5602282,2,"""Name: 10824003243""",42
13.7962969,100.5601678,2,"""Name: 10824003244""",43
13.7969127,100.5602282,2,"""Name: 10824003243""",44
13.7969313,100.5600205,2,"""Name: 702213000""",45
13.7969483,100.559814,2,"""Name: 3845472766""",46
13.7969522,100.559755,2,"""Name: 3712855012""",47
13.7976594,100.5598663,2,"""Name: 7911562548""",48
13.7981191,100.559932,2,"""Name: 702213006""",49
13.798188,100.5594729,2,"""Name: 3726832042""",50
13.7978605,100.559418,2,"""Name: 7911802620""",51
13.7975262,100.5593619,2,"""Name: 3726832043""",52
13.7978605,100.559418,2,"""Name: 7911802620""",53
13.798188,100.5594729,2,"""Name: 3726832042""",54
13.7982664,100.5589952,2,"""Name: 3726832040""",55
13.7983403,100.5585017,2,"""Name: 702213002""",56
13.7999763,100.5587398,2,"""Name: 702213029""",57
13.7998895,100.5592622,2,"""Name: 3726832046""",58
13.7998742,100.5593652,2,"""Name: 7911802603""",59
13.7998137,100.5597704,2,"""Name: 1686419794""",60
13.800425,100.5597086,2,"""Name: 7911774951""",61
13.8006666,100.5596866,2,"""Name: 7911562535""",62
13.8009817,100.5596524,2,"""Name: 7911774961""",63
13.8015249,100.5595936,2,"""Name: 7911562536""",64
13.8022621,100.5595293,2,"""Name: 5836638395""",65
13.8033042,100.5594354,2,"""Name: 3712855014""",66
13.803411,100.5594192,2,"""Name: 3848103809""",67
13.8034459,100.5594016,2,"""Name: 3712855015""",68
13.8034591,100.5593619,2,"""Name: 3848103811""",69
13.8034515,100.5593176,2,"""Name: 3848103810""",70
13.8034181,100.5592983,2,"""Name: 1686419891""",71
13.8036206,100.5588389,2,"""Name: 1686419900""",72
13.8036543,100.558843,2,"""Name: 7893193116""",73
13.8036907,100.558835,2,"""Name: 7893193117""",74
13.8037226,100.5588224,2,"""Name: 1686419903""",75
13.8036907,100.558835,2,"""Name: 7893193117""",76
13.8036543,100.558843,2,"""Name: 7893193116""",77
13.8036206,100.5588389,2,"""Name: 1686419900""",78
13.8028273,100.5586968,2,"""Name: 7893193115""",79
13.80243,100.5586311,2,"""Name: 1686419860""",80
13.8018988,100.5585464,2,"""Name: 7911816722""",81
13.8015718,100.5584943,2,"""Name: 7911562541""",82
13.8006223,100.5583414,2,"""Name: 7911562540""",83
13.8000532,100.5582583,2,"""Name: 702213034""",84
13.7993518,100.558146,2,"""Name: 7911802605""",85
13.7984099,100.5579953,2,"""Name: 702213012""",86
13.7976554,100.5578642,2,"""Name: 702213010""",87
13.7984099,100.5579953,2,"""Name: 702213012""",88
13.7983403,100.5585017,2,"""Name: 702213002""",89
13.7982664,100.5589952,2,"""Name: 3726832040""",90
13.798188,100.5594729,2,"""Name: 3726832042""",91
13.7985218,100.559515,2,"""Name: 3726832045""",92
13.798188,100.5594729,2,"""Name: 3726832042""",93
13.7982664,100.5589952,2,"""Name: 3726832040""",94
13.7976053,100.5588767,2,"""Name: 3726832041""",95
13.7982664,100.5589952,2,"""Name: 3726832040""",96
13.7983403,100.5585017,2,"""Name: 702213002""",97
13.7976364,100.5583686,2,"""Name: 702213008""",98
13.7983403,100.5585017,2,"""Name: 702213002""",99
13.7982664,100.5589952,2,"""Name: 3726832040""",100
13.798188,100.5594729,2,"""Name: 3726832042""",101
13.7981191,100.559932,2,"""Name: 702213006""",102
13.7998137,100.5597704,2,"""Name: 1686419794""",103
13.799807,100.5600272,2,"""Name: 7911802604""",104
13.7998313,100.5604119,2,"""Name: 1894421149""",105
13.8001024,100.5604023,2,"""Name: 10774603914""",106
13.8007435,100.5603361,2,"""Name: 7911774976""",107
13.8009201,100.5603174,2,"""Name: 7911774969""",108
13.8012145,100.5602865,2,"""Name: 7911774952""",109
13.8013702,100.5602753,2,"""Name: 11068175767""",110
13.8016327,100.5602563,2,"""Name: 10057854834""",111
13.8023201,100.5601892,2,"""Name: 5836638394""",112
13.8025962,100.5601677,2,"""Name: 1894421186""",113
13.803516,100.5600714,2,"""Name: 360172398""",114
13.8041073,100.5600309,2,"""Name: 360172399""",115
13.8050121,100.5599471,2,"""Name: 3848103834""",116
13.8057298,100.5598647,2,"""Name: 1687386035""",117
13.8058958,100.5598492,2,"""Name: 7893193114""",118
13.8060446,100.5598353,2,"""Name: 10939119831""",119
13.8064638,100.5597963,2,"""Name: 7893193106""",120
13.8066059,100.5597831,2,"""Name: 3712855020""",121
13.8068421,100.5597626,2,"""Name: 358994625""",122
13.8070962,100.5597313,2,"""Name: 1687386046""",123
13.8077719,100.5596418,2,"""Name: 2447231798""",124
13.8077796,100.5589,2,"""Name: 7132787878""",125
13.8077803,100.5588294,2,"""Name: 6512762525""",126
13.8077845,100.5584362,2,"""Name: 5291547366""",127
13.8077825,100.5582833,2,"""Name: 3494349787""",128
13.807785,100.5580924,2,"""Name: 3712855022""",129
13.8077934,100.557567,2,"""Name: 3848103852""",130
13.8078388,100.5569656,2,"""Name: 3494349788""",131
13.8076072,100.5568241,2,"""Name: 5291547374""",132
13.8072235,100.5565988,2,"""Name: 2766776976""",133
13.8071177,100.5565393,2,"""Name: 5839741251""",134
13.8066608,100.5562732,2,"""Name: 5839735537""",135
13.8065722,100.5568293,2,"""Name: 5839735536""",136
13.8066608,100.5562732,2,"""Name: 5839735537""",137
13.8071177,100.5565393,2,"""Name: 5839741251""",138
13.8072235,100.5565988,2,"""Name: 2766776976""",139
13.8076072,100.5568241,2,"""Name: 5291547374""",140
13.8078388,100.5569656,2,"""Name: 3494349788""",141
13.8079915,100.5570477,2,"""Name: 5263449533""",142
13.8080322,100.5570714,2,"""Name: 5291547351""",143
13.8082053,100.5571721,2,"""Name: 358931351""",144
13.8082838,100.557211,2,"""Name: 3494349789""",145
13.8085783,100.557365,2,"""Name: 1597521446""",146
13.8088412,100.5575298,2,"""Name: 10889323474""",147
13.8089928,100.5576296,2,"""Name: 3494350393""",148
13.8092457,100.557792,2,"""Name: 9045542022""",149
13.8091984,100.5581859,2,"""Name: 9045542021""",150
13.8092457,100.557792,2,"""Name: 9045542022""",151
13.8095328,100.5579763,2,"""Name: 3494350404""",152
13.8096234,100.5580315,2,"""Name: 7132699423""",153
13.8098227,100.5581519,2,"""Name: 1699230813""",154
13.8100888,100.558298,2,"""Name: 9150536355""",155
13.8108746,100.5587169,2,"""Name: 358964993""",156
13.8112384,100.558918,2,"""Name: 1799112290""",157
13.8112983,100.55896,2,"""Name: 10918431559""",158
13.8113512,100.5590127,2,"""Name: 7892829308""",159
13.8113814,100.5590592,2,"""Name: 1799112283""",160
13.8114161,100.5591559,2,"""Name: 9626846945""",161
13.8114333,100.559218,2,"""Name: 10918431560""",162
13.8114446,100.5592862,2,"""Name: 1799112183""",163
13.8114527,100.5594619,2,"""Name: 10845056462""",164
13.8114558,100.5595834,2,"""Name: 1799112196""",165
13.8114689,100.5596468,2,"""Name: 1799112240""",166
13.8114935,100.5596933,2,"""Name: 10171143786""",167
13.8115267,100.5597294,2,"""Name: 10171143787""",168
13.8115818,100.5597513,2,"""Name: 1799112286""",169
13.811633,100.5597498,2,"""Name: 1799112284""",170
13.8116893,100.559738,2,"""Name: 10918431561""",171
13.8117516,100.5597201,2,"""Name: 10845056463""",172
13.8118452,100.5596918,2,"""Name: 1799112194""",173
13.8120321,100.5596719,2,"""Name: 1799124287""",174
13.8122133,100.5596611,2,"""Name: 7886259271""",175
13.8122654,100.5596574,2,"""Name: 10845542370""",176
13.8124053,100.5596461,2,"""Name: 4090341918""",177
13.8125244,100.5596547,2,"""Name: 1799112287""",178
13.8126157,100.55968,2,"""Name: 1799112186""",179
13.8128454,100.5598269,2,"""Name: 1799112281""",180
13.8130279,100.5599493,2,"""Name: 359003847""",181
13.8133221,100.5601187,2,"""Name: 358952670""",182
13.8133607,100.5601962,2,"""Name: 7886259273""",183
13.8133854,100.5602968,2,"""Name: 7886259272""",184
13.8133745,100.5604006,2,"""Name: 358953306""",185
13.8133479,100.5604716,2,"""Name: 6172500143""",186
13.8133039,100.5605493,2,"""Name: 6397685596""",187
13.8127883,100.5614683,2,"""Name: 1996822634""",188
13.8126482,100.5613778,2,"""Name: 1996822632""",189
13.8124041,100.5612168,2,"""Name: 9774289924""",190
13.81235,100.5611477,2,"""Name: 9774289923""",191
13.8123252,100.5610626,2,"""Name: 1996822624""",192
13.8123325,100.5606885,2,"""Name: 7130549954""",193
13.8123386,100.5604709,2,"""Name: 7130549951""",194
13.8123223,100.5600018,2,"""Name: 9103648191""",195
13.8122993,100.5599642,2,"""Name: 9103648189""",196
13.8122237,100.5599119,2,"""Name: 9103648190""",197
13.8122101,100.5598433,2,"""Name: 1996822626""",198
13.8122237,100.5599119,2,"""Name: 9103648190""",199
13.8122993,100.5599642,2,"""Name: 9103648189""",200
13.8123223,100.5600018,2,"""Name: 9103648191""",201
13.8123386,100.5604709,2,"""Name: 7130549951""",202
13.8123325,100.5606885,2,"""Name: 7130549954""",203
13.8123252,100.5610626,2,"""Name: 1996822624""",204
13.81235,100.5611477,2,"""Name: 9774289923""",205
13.8124041,100.5612168,2,"""Name: 9774289924""",206
13.8126482,100.5613778,2,"""Name: 1996822632""",207
13.8127883,100.5614683,2,"""Name: 1996822634""",208
13.8125621,100.5618715,2,"""Name: 9863958362""",209
13.8124318,100.5621037,2,"""Name: 1996822630""",210
13.8116968,100.562129,2,"""Name: 7130587850""",211
13.8111863,100.5621692,2,"""Name: 1686420107""",212
13.811204,100.5626075,2,"""Name: 7893107755""",213
13.8112561,100.5630112,2,"""Name: 7893107756""",214
13.8113666,100.5635217,2,"""Name: 1686420108""",215
13.8114727,100.563781,2,"""Name: 1686420111""",216
13.8113931,100.5639287,2,"""Name: 3859507707""",217
13.8105045,100.5639768,2,"""Name: 1686173644""",218
13.8104487,100.5636271,2,"""Name: 3859507689""",219
13.8100301,100.5636843,2,"""Name: 10213483907""",220
13.8104487,100.5636271,2,"""Name: 3859507689""",221
13.8105045,100.5639768,2,"""Name: 1686173644""",222
13.8105272,100.5641209,2,"""Name: 3859507692""",223
13.8105599,100.5642566,2,"""Name: 7893107751""",224
13.8105919,100.5643322,2,"""Name: 10063150173""",225
13.8106377,100.5644077,2,"""Name: 1686173647""",226
13.8107054,100.564472,2,"""Name: 3859507695""",227
13.8103976,100.5646637,2,"""Name: 3859507686""",228
13.8107054,100.564472,2,"""Name: 3859507695""",229
13.8106377,100.5644077,2,"""Name: 1686173647""",230
13.8105919,100.5643322,2,"""Name: 10063150173""",231
13.8105599,100.5642566,2,"""Name: 7893107751""",232
13.8105272,100.5641209,2,"""Name: 3859507692""",233
13.8105045,100.5639768,2,"""Name: 1686173644""",234
13.8104487,100.5636271,2,"""Name: 3859507689""",235
13.8104226,100.563076,2,"""Name: 3859507687""",236
13.8099836,100.5630883,2,"""Name: 3859507676""",237
13.8104226,100.563076,2,"""Name: 3859507687""",238
13.8104487,100.5636271,2,"""Name: 3859507689""",239
13.8100301,100.5636843,2,"""Name: 10213483907""",240
13.8104487,100.5636271,2,"""Name: 3859507689""",241
13.8105045,100.5639768,2,"""Name: 1686173644""",242
13.8105272,100.5641209,2,"""Name: 3859507692""",243
13.8105599,100.5642566,2,"""Name: 7893107751""",244
13.8105919,100.5643322,2,"""Name: 10063150173""",245
13.8106377,100.5644077,2,"""Name: 1686173647""",246
13.8107054,100.564472,2,"""Name: 3859507695""",247
13.8103976,100.5646637,2,"""Name: 3859507686""",248
13.8107054,100.564472,2,"""Name: 3859507695""",249
13.8106377,100.5644077,2,"""Name: 1686173647""",250
13.8105919,100.5643322,2,"""Name: 10063150173""",251
13.8105599,100.5642566,2,"""Name: 7893107751""",252
13.8105272,100.5641209,2,"""Name: 3859507692""",253
13.8097687,100.5643182,2,"""Name: 3859507677""",254
13.8100545,100.5652014,2,"""Name: 5306614211""",255
13.8097687,100.5643182,2,"""Name: 3859507677""",256
13.8096673,100.563972,2,"""Name: 3848288904""",257
13.8096499,100.5638804,2,"""Name: 1686173607""",258
13.8096258,100.5637424,2,"""Name: 5306614207""",259
13.8094949,100.5625432,2,"""Name: 1686173605""",260
13.8086219,100.5626582,2,"""Name: 3854677167""",261
13.8094949,100.5625432,2,"""Name: 1686173605""",262
13.8104195,100.5625282,2,"""Name: 1686173639""",263
13.8104164,100.5620456,2,"""Name: 1686420091""",264
13.8109956,100.5619946,2,"""Name: 7893107754""",265
13.8110868,100.561996,2,"""Name: 7893107752""",266
13.8111298,100.5620228,2,"""Name: 7893107753""",267
13.8111578,100.5620729,2,"""Name: 1686420105""",268
13.8111863,100.5621692,2,"""Name: 1686420107""",269
13.811204,100.5626075,2,"""Name: 7893107755""",270
13.8112561,100.5630112,2,"""Name: 7893107756""",271
13.8113666,100.5635217,2,"""Name: 1686420108""",272
13.8114727,100.563781,2,"""Name: 1686420111""",273
13.8113931,100.5639287,2,"""Name: 3859507707""",274
13.8109791,100.5646764,2,"""Name: 1686173653""",275
13.8108402,100.5649307,2,"""Name: 358953174""",276
13.810617,100.565345,2,"""Name: 7130654696""",277
13.8105251,100.5655101,2,"""Name: 10008420700""",278
13.8104432,100.5656541,2,"""Name: 10008420697""",279
13.810347,100.5658252,2,"""Name: 4698723906""",280
13.8104577,100.5658983,2,"""Name: 4698723905""",281
13.8105465,100.565738,2,"""Name: 7130660845""",282
13.8109551,100.5649973,2,"""Name: 1690648653""",283
13.8110277,100.5648656,2,"""Name: 358953386""",284
13.8115174,100.5639725,2,"""Name: 6398058100""",285
13.8116338,100.5637515,2,"""Name: 3859507710""",286
13.8129458,100.5635161,2,"""Name: 3859507722""",287
13.8129547,100.5635717,2,"""Name: 1686173722""",288
13.8129804,100.5636442,2,"""Name: 7886259213""",289
13.8131821,100.5638787,2,"""Name: 1687386054""",290
13.8134592,100.5641806,2,"""Name: 7130474878""",291
13.8138344,100.5646177,2,"""Name: 1687386058""",292
13.8141806,100.5649861,2,"""Name: 1686173738""",293
13.81358,100.5651054,2,"""Name: 1686173731""",294
13.813184,100.5651771,2,"""Name: 1686173726""",295
13.8128758,100.5652321,2,"""Name: 1686173715""",296
13.813184,100.5651771,2,"""Name: 1686173726""",297
13.81358,100.5651054,2,"""Name: 1686173731""",298
13.8136307,100.5654402,2,"""Name: 10213485371""",299
13.8137152,100.5659988,2,"""Name: 1686173734""",300
13.8136307,100.5654402,2,"""Name: 10213485371""",301
13.81358,100.5651054,2,"""Name: 1686173731""",302
13.813184,100.5651771,2,"""Name: 1686173726""",303
13.8133412,100.5661779,2,"""Name: 1686173728""",304
13.8134297,100.5661676,2,"""Name: 3859507730""",305
13.8134753,100.5661695,2,"""Name: 7961934891""",306
13.8135052,100.5661976,2,"""Name: 7961934892""",307
13.8135234,100.5662432,2,"""Name: 7961934890""",308
13.8138394,100.5674907,2,"""Name: 1686173735""",309
13.8139064,100.56775,2,"""Name: 1686173736""",310
13.8138394,100.5674907,2,"""Name: 1686173735""",311
13.8135234,100.5662432,2,"""Name: 7961934890""",312
13.8135052,100.5661976,2,"""Name: 7961934892""",313
13.8134753,100.5661695,2,"""Name: 7961934891""",314
13.8134297,100.5661676,2,"""Name: 3859507730""",315
13.8133412,100.5661779,2,"""Name: 1686173728""",316
13.8130621,100.5662387,2,"""Name: 1686173724""",317
13.8129566,100.5662616,2,"""Name: 1686173720""",318
13.8126679,100.5663275,2,"""Name: 1686173710""",319
13.8125975,100.5663371,2,"""Name: 7961934893""",320
13.8125714,100.5663264,2,"""Name: 1686173709""",321
13.8125532,100.5662996,2,"""Name: 7961934894""",322
13.8121562,100.5647967,2,"""Name: 1686173697""",323
13.8124698,100.5647318,2,"""Name: 7886259202""",324
13.8125141,100.5647372,2,"""Name: 7886259203""",325
13.8125487,100.5647813,2,"""Name: 1686173706""",326
13.8125767,100.5648565,2,"""Name: 7961903232""",327
13.8126131,100.5649558,2,"""Name: 7961934895""",328
13.8129566,100.5662616,2,"""Name: 1686173720""",329
13.8130621,100.5662387,2,"""Name: 1686173724""",330
13.8133412,100.5661779,2,"""Name: 1686173728""",331
13.813184,100.5651771,2,"""Name: 1686173726""",332
13.81358,100.5651054,2,"""Name: 1686173731""",333
13.8141806,100.5649861,2,"""Name: 1686173738""",334
13.8142943,100.5650877,2,"""Name: 7130488146""",335
13.814401,100.5652059,2,"""Name: 1686173739""",336
13.8143995,100.5658145,2,"""Name: 1686173741""",337
13.8144018,100.5664236,2,"""Name: 1686173743""",338
13.8144098,100.5668328,2,"""Name: 1686173744""",339
13.8140991,100.5668534,2,"""Name: 7961903233""",340
13.8144098,100.5668328,2,"""Name: 1686173744""",341
13.8144018,100.5664236,2,"""Name: 1686173743""",342
13.8150994,100.5664206,2,"""Name: 1686173759""",343
13.8144018,100.5664236,2,"""Name: 1686173743""",344
13.8144098,100.5668328,2,"""Name: 1686173744""",345
13.814698,100.5668377,2,"""Name: 7962067265""",346
13.8157954,100.5668563,2,"""Name: 3859507751""",347
13.8161693,100.5668618,2,"""Name: 1686173765""",348
13.816182,100.5668621,2,"""Name: 10800791787""",349
13.8163429,100.5668655,2,"""Name: 7961934896""",350
13.816182,100.5668621,2,"""Name: 10800791787""",351
13.8161693,100.5668618,2,"""Name: 1686173765""",352
13.8157954,100.5668563,2,"""Name: 3859507751""",353
13.814698,100.5668377,2,"""Name: 7962067265""",354
13.8144098,100.5668328,2,"""Name: 1686173744""",355
13.8144018,100.5664236,2,"""Name: 1686173743""",356
13.8143995,100.5658145,2,"""Name: 1686173741""",357
13.8153778,100.565778,2,"""Name: 1686173761""",358
13.8143995,100.5658145,2,"""Name: 1686173741""",359
13.814401,100.5652059,2,"""Name: 1686173739""",360
13.8142943,100.5650877,2,"""Name: 7130488146""",361
13.8141806,100.5649861,2,"""Name: 1686173738""",362
13.8138344,100.5646177,2,"""Name: 1687386058""",363
13.8138907,100.5645548,2,"""Name: 7886259216""",364
13.8139821,100.5644818,2,"""Name: 1687386060""",365
13.8146049,100.564416,2,"""Name: 1687386064""",366
13.8149313,100.5643628,2,"""Name: 3859507741""",367
13.8153607,100.5643011,2,"""Name: 1687386073""",368
13.8160633,100.5643394,2,"""Name: 1687386078""",369
13.8153607,100.5643011,2,"""Name: 1687386073""",370
13.8149313,100.5643628,2,"""Name: 3859507741""",371
13.8146049,100.564416,2,"""Name: 1687386064""",372
13.8139821,100.5644818,2,"""Name: 1687386060""",373
13.8138907,100.5645548,2,"""Name: 7886259216""",374
13.8138344,100.5646177,2,"""Name: 1687386058""",375
13.8134592,100.5641806,2,"""Name: 7130474878""",376
13.8131821,100.5638787,2,"""Name: 1687386054""",377
13.8129804,100.5636442,2,"""Name: 7886259213""",378
13.8129547,100.5635717,2,"""Name: 1686173722""",379
13.8129458,100.5635161,2,"""Name: 3859507722""",380
13.8129064,100.5632559,2,"""Name: 3859507721""",381
13.8132714,100.5631764,2,"""Name: 3859507727""",382
13.8136281,100.5631104,2,"""Name: 3859507732""",383
13.8132714,100.5631764,2,"""Name: 3859507727""",384
13.8129064,100.5632559,2,"""Name: 3859507721""",385
13.8128263,100.5627274,2,"""Name: 10007963699""",386
13.8127958,100.5625547,2,"""Name: 1686173713""",387
13.8124875,100.5625917,2,"""Name: 2083678307""",388
13.812342,100.5625594,2,"""Name: 358954995""",389
13.8126818,100.5619457,2,"""Name: 9863958361""",390
13.8133139,100.5608041,2,"""Name: 1700564280""",391
13.813414,100.5606271,2,"""Name: 6397685597""",392
13.8134635,100.5605395,2,"""Name: 4822366022""",393
13.8135131,100.5604716,2,"""Name: 358953617""",394
13.8135456,100.560443,2,"""Name: 4822365617""",395
13.8135931,100.5604202,2,"""Name: 4822365618""",396
13.8136238,100.5604061,2,"""Name: 4822365619""",397
13.8136634,100.5604074,2,"""Name: 4822365620""",398
13.8137188,100.5604269,2,"""Name: 4822366021""",399
13.8139322,100.5605347,2,"""Name: 358953616""",400
13.8141965,100.5607008,2,"""Name: 11066697437""",401
13.8145365,100.5609159,2,"""Name: 6460893186""",402
13.81494,100.561164,2,"""Name: 1726187751""",403
13.814953,100.5618337,2,"""Name: 3859507742""",404
13.8149642,100.5635839,2,"""Name: 6438114531""",405
13.814953,100.5618337,2,"""Name: 3859507742""",406
13.81494,100.561164,2,"""Name: 1726187751""",407
13.8159571,100.5617575,2,"""Name: 4253755578""",408
13.8159272,100.5618219,2,"""Name: 4253755579""",409
13.8159314,100.5619573,2,"""Name: 4253755580""",410
13.8159293,100.5620045,2,"""Name: 4253755581""",411
13.8159314,100.5619573,2,"""Name: 4253755580""",412
13.8159272,100.5618219,2,"""Name: 4253755579""",413
13.8159571,100.5617575,2,"""Name: 4253755578""",414
13.8163291,100.5619686,2,"""Name: 7127997908""",415
13.8165688,100.5621044,2,"""Name: 3859508767""",416
13.8174176,100.562605,2,"""Name: 9615091250""",417
13.8175002,100.5626513,2,"""Name: 10821320768""",418
13.8176176,100.5627143,2,"""Name: 3859508788""",419
13.8183984,100.5631505,2,"""Name: 3859508800""",420
13.8190756,100.5635487,2,"""Name: 3859508808""",421
13.8191995,100.5636243,2,"""Name: 9323422936""",422
13.8194214,100.5637555,2,"""Name: 3859508820""",423
13.8194834,100.5637928,2,"""Name: 3138463980""",424
13.8201196,100.564177,2,"""Name: 7886259227""",425
13.8214146,100.5649351,2,"""Name: 1687458747""",426
13.8215453,100.5650176,2,"""Name: 3869687965""",427
13.8220143,100.5652904,2,"""Name: 7895956605""",428
13.82291,100.5658129,2,"""Name: 1726187760""",429
13.822956,100.5661675,2,"""Name: 7895956698""",430
13.823009,100.5668008,2,"""Name: 3869687975""",431
13.8230395,100.5671657,2,"""Name: 1687480353""",432
13.8230922,100.5675915,2,"""Name: 1687386203""",433
13.8223884,100.5676656,2,"""Name: 1687386176""",434
13.8218534,100.5677235,2,"""Name: 1687386149""",435
13.8219129,100.5681758,2,"""Name: 1687386151""",436
13.8219708,100.5686211,2,"""Name: 1687386153""",437
13.8220366,100.5691464,2,"""Name: 1687386158""",438
13.8225639,100.5690981,2,"""Name: 1687386179""",439
13.8229288,100.5690706,2,"""Name: 1687386199""",440
13.8229502,100.5691234,2,"""Name: 5350989083""",441
13.8229866,100.569191,2,"""Name: 1687386201""",442
13.8230289,100.5692446,2,"""Name: 3980637599""",443
13.8230539,100.5692664,2,"""Name: 5350989098""",444
13.8230778,100.5692872,2,"""Name: 3980637605""",445
13.8231148,100.5693123,2,"""Name: 3980637609""",446
13.8231637,100.5693323,2,"""Name: 1687386206""",447
13.8232268,100.5693433,2,"""Name: 3980637619""",448
13.8232758,100.569348,2,"""Name: 3980637620""",449
13.8233412,100.5693499,2,"""Name: 1687386214""",450
13.8233719,100.5693414,2,"""Name: 3980637625""",451
13.8234163,100.5693233,2,"""Name: 3980637626""",452
13.8234679,100.5692992,2,"""Name: 1687386223""",453
13.8235216,100.5692672,2,"""Name: 3980637632""",454
13.8235604,100.56923,2,"""Name: 3980637635""",455
13.8235845,100.5691853,2,"""Name: 3980637636""",456
13.8235942,100.569138,2,"""Name: 1687386231""",457
13.8235974,100.5690768,2,"""Name: 3980637638""",458
13.8235929,100.5690398,2,"""Name: 5350989071""",459
13.8235882,100.5690017,2,"""Name: 3980637637""",460
13.8235748,100.5689404,2,"""Name: 1687386232""",461
13.8235661,100.5689096,2,"""Name: 5350989086""",462
13.8235577,100.5688798,2,"""Name: 3980637634""",463
13.8235302,100.5688167,2,"""Name: 1687386230""",464
13.823505,100.5687733,2,"""Name: 3980637631""",465
13.8234819,100.568738,2,"""Name: 3980637629""",466
13.8234505,100.5687114,2,"""Name: 3980637628""",467
13.823406,100.5686924,2,"""Name: 1687386226""",468
13.823359,100.5686829,2,"""Name: 3980637624""",469
13.8232971,100.5686762,2,"""Name: 3980637622""",470
13.8232458,100.5686797,2,"""Name: 1686173797""",471
13.8231357,100.5687169,2,"""Name: 1687386204""",472
13.8230831,100.5687467,2,"""Name: 3980637606""",473
13.8230362,100.5687792,2,"""Name: 3980637602""",474
13.8230028,100.5688183,2,"""Name: 3980637598""",475
13.8229936,100.5688343,2,"""Name: 5350989105""",476
13.8229765,100.5688641,2,"""Name: 1687386200""",477
13.8229495,100.568927,2,"""Name: 3980637594""",478
13.822936,100.5689791,2,"""Name: 3980637593""",479
13.8229298,100.5690261,2,"""Name: 3980637592""",480
13.8229288,100.5690706,2,"""Name: 1687386199""",481
13.8225639,100.5690981,2,"""Name: 1687386179""",482
13.8220366,100.5691464,2,"""Name: 1687386158""",483
13.8206362,100.5692993,2,"""Name: 1687386140""",484
13.8206847,100.5695333,2,"""Name: 3980670351""",485
13.8207111,100.5696828,2,"""Name: 3980670352""",486
13.8207226,100.5698156,2,"""Name: 1687386141""",487
13.8221039,100.56969,2,"""Name: 1687386168""",488
13.8221342,100.5699158,2,"""Name: 7895956647""",489
13.8221388,100.5699608,2,"""Name: 7895956646""",490
13.8221097,100.5699622,2,"""Name: 1687386169""",491
13.822013,100.5699806,2,"""Name: 3980670493""",492
13.8220419,100.5701651,2,"""Name: 8624563131""",493
13.8220719,100.5703569,2,"""Name: 1687386159""",494
13.8223789,100.5721952,2,"""Name: 1687386174""",495
13.8220719,100.5703569,2,"""Name: 1687386159""",496
13.8220419,100.5701651,2,"""Name: 8624563131""",497
13.822013,100.5699806,2,"""Name: 3980670493""",498
13.8221097,100.5699622,2,"""Name: 1687386169""",499
13.8221388,100.5699608,2,"""Name: 7895956646""",500
13.8221342,100.5699158,2,"""Name: 7895956647""",501
13.8221039,100.56969,2,"""Name: 1687386168""",502
13.8220366,100.5691464,2,"""Name: 1687386158""",503
13.8219708,100.5686211,2,"""Name: 1687386153""",504
13.8205799,100.5687607,2,"""Name: 1687386139""",505
13.8219708,100.5686211,2,"""Name: 1687386153""",506
13.8219129,100.5681758,2,"""Name: 1687386151""",507
13.8204867,100.5683024,2,"""Name: 1687386138""",508
13.8219129,100.5681758,2,"""Name: 1687386151""",509
13.8218534,100.5677235,2,"""Name: 1687386149""",510
13.8217163,100.5677338,2,"""Name: 3980494936""",511
13.8216504,100.5677369,2,"""Name: 3869687966""",512
13.82158,100.5677291,2,"""Name: 3980494934""",513
13.8215364,100.5677078,2,"""Name: 1687458758""",514
13.8215151,100.5676804,2,"""Name: 3980494933""",515
13.821486,100.5676553,2,"""Name: 1687458754""",516
13.8214564,100.5676262,2,"""Name: 3980494932""",517
13.8214067,100.5676222,2,"""Name: 3980494931""",518
13.8213543,100.5676298,2,"""Name: 1687458745""",519
13.8212867,100.5676672,2,"""Name: 1687458736""",520
13.821122,100.5677574,2,"""Name: 3980494929""",521
13.8209979,100.5678209,2,"""Name: 1687458729""",522
13.820932,100.5678486,2,"""Name: 3980494926""",523
13.820863,100.5678642,2,"""Name: 3869685442""",524
13.8207732,100.5678745,2,"""Name: 3980494925""",525
13.8206786,100.5678753,2,"""Name: 1687458722""",526
13.820619,100.567858,2,"""Name: 3980494924""",527
13.8205222,100.5678234,2,"""Name: 3980494923""",528
13.820404,100.5677787,2,"""Name: 1687458706""",529
13.8204517,100.5676023,2,"""Name: 3869685427""",530
13.8204632,100.5675344,2,"""Name: 3980498777""",531
13.8204624,100.5674515,2,"""Name: 3980498776""",532
13.8204567,100.5673537,2,"""Name: 3869685428""",533
13.8204133,100.5670619,2,"""Name: 1687458704""",534
13.8203734,100.5668099,2,"""Name: 1687458702""",535
13.8203573,100.5667367,2,"""Name: 3980498769""",536
13.8203387,100.5666837,2,"""Name: 3980498767""",537
13.8203128,100.5666549,2,"""Name: 1687458700""",538
13.8202887,100.5666422,2,"""Name: 3980498762""",539
13.8202335,100.5666384,2,"""Name: 3980498154""",540
13.8201811,100.5666358,2,"""Name: 1687458699""",541
13.8201135,100.5666453,2,"""Name: 3980498135""",542
13.8200412,100.5666699,2,"""Name: 3980498123""",543
13.8200169,100.5666997,2,"""Name: 1687458693""",544
13.8200046,100.5667461,2,"""Name: 1687458686""",545
13.8200062,100.5668557,2,"""Name: 3980498119""",546
13.8200308,100.5671321,2,"""Name: 3980498122""",547
13.8200677,100.5674449,2,"""Name: 1687458690""",548
13.8200807,100.5675436,2,"""Name: 3980498130""",549
13.8200954,100.5675918,2,"""Name: 3980498132""",550
13.8201175,100.5676257,2,"""Name: 1687458696""",551
13.8201412,100.5676606,2,"""Name: 3980498152""",552
13.8201547,100.5676921,2,"""Name: 1687386137""",553
13.820404,100.5677787,2,"""Name: 1687458706""",554
13.8205222,100.5678234,2,"""Name: 3980494923""",555
13.820619,100.567858,2,"""Name: 3980494924""",556
13.8206786,100.5678753,2,"""Name: 1687458722""",557
13.8207732,100.5678745,2,"""Name: 3980494925""",558
13.820863,100.5678642,2,"""Name: 3869685442""",559
13.820932,100.5678486,2,"""Name: 3980494926""",560
13.8209979,100.5678209,2,"""Name: 1687458729""",561
13.821122,100.5677574,2,"""Name: 3980494929""",562
13.8212867,100.5676672,2,"""Name: 1687458736""",563
13.8213543,100.5676298,2,"""Name: 1687458745""",564
13.8214067,100.5676222,2,"""Name: 3980494931""",565
13.8214564,100.5676262,2,"""Name: 3980494932""",566
13.821486,100.5676553,2,"""Name: 1687458754""",567
13.8215151,100.5676804,2,"""Name: 3980494933""",568
13.8215364,100.5677078,2,"""Name: 1687458758""",569
13.82158,100.5677291,2,"""Name: 3980494934""",570
13.8216504,100.5677369,2,"""Name: 3869687966""",571
13.8217163,100.5677338,2,"""Name: 3980494936""",572
13.8218534,100.5677235,2,"""Name: 1687386149""",573
13.8223884,100.5676656,2,"""Name: 1687386176""",574
13.8230922,100.5675915,2,"""Name: 1687386203""",575
13.8231605,100.5680623,2,"""Name: 1687386213""",576
13.8233885,100.5680337,2,"""Name: 1687386228""",577
13.8234373,100.5680353,2,"""Name: 3980637627""",578
13.8235234,100.5680451,2,"""Name: 3980637633""",579
13.8235952,100.5680669,2,"""Name: 3869687987""",580
13.8236606,100.5680967,2,"""Name: 3980637639""",581
13.8237255,100.5681478,2,"""Name: 1687386233""",582
13.8237673,100.5682092,2,"""Name: 3869687989""",583
13.8237959,100.5682857,2,"""Name: 3980637640""",584
13.823815,100.568358,2,"""Name: 1687386234""",585
13.8239468,100.5689329,2,"""Name: 6133511565""",586
13.8240572,100.5694731,2,"""Name: 1687386240""",587
13.8240674,100.5695357,2,"""Name: 3980637649""",588
13.8240607,100.5696118,2,"""Name: 1687386242""",589
13.8240362,100.5696634,2,"""Name: 3980637648""",590
13.8239873,100.5697093,2,"""Name: 3869687996""",591
13.8239264,100.569754,2,"""Name: 3980637644""",592
13.823846,100.5698025,2,"""Name: 1687386235""",593
13.8234881,100.56995,2,"""Name: 3980637630""",594
13.8234221,100.5699617,2,"""Name: 1687386224""",595
13.8233992,100.5697837,2,"""Name: 1687386215""",596
13.8233412,100.5693499,2,"""Name: 1687386214""",597
13.8232758,100.569348,2,"""Name: 3980637620""",598
13.8232268,100.5693433,2,"""Name: 3980637619""",599
13.8231637,100.5693323,2,"""Name: 1687386206""",600
13.8231148,100.5693123,2,"""Name: 3980637609""",601
13.8230778,100.5692872,2,"""Name: 3980637605""",602
13.8230539,100.5692664,2,"""Name: 5350989098""",603
13.8230289,100.5692446,2,"""Name: 3980637599""",604
13.8229866,100.569191,2,"""Name: 1687386201""",605
13.8229502,100.5691234,2,"""Name: 5350989083""",606
13.8229288,100.5690706,2,"""Name: 1687386199""",607
13.8229298,100.5690261,2,"""Name: 3980637592""",608
13.822936,100.5689791,2,"""Name: 3980637593""",609
13.8229495,100.568927,2,"""Name: 3980637594""",610
13.8229765,100.5688641,2,"""Name: 1687386200""",611
13.8229936,100.5688343,2,"""Name: 5350989105""",612
13.8230028,100.5688183,2,"""Name: 3980637598""",613
13.8230362,100.5687792,2,"""Name: 3980637602""",614
13.8230831,100.5687467,2,"""Name: 3980637606""",615
13.8231357,100.5687169,2,"""Name: 1687386204""",616
13.8232458,100.5686797,2,"""Name: 1686173797""",617
13.8231605,100.5680623,2,"""Name: 1687386213""",618
13.8230922,100.5675915,2,"""Name: 1687386203""",619
13.8230395,100.5671657,2,"""Name: 1687480353""",620
13.823009,100.5668008,2,"""Name: 3869687975""",621
13.822956,100.5661675,2,"""Name: 7895956698""",622
13.82291,100.5658129,2,"""Name: 1726187760""",623
13.8220143,100.5652904,2,"""Name: 7895956605""",624
13.8215453,100.5650176,2,"""Name: 3869687965""",625
13.8214146,100.5649351,2,"""Name: 1687458747""",626
13.8213296,100.5650974,2,"""Name: 1687458739""",627
13.8213208,100.5651401,2,"""Name: 3980494930""",628
13.8214346,100.5659464,2,"""Name: 1687458750""",629
13.8213208,100.5651401,2,"""Name: 3980494930""",630
13.8213296,100.5650974,2,"""Name: 1687458739""",631
13.8214146,100.5649351,2,"""Name: 1687458747""",632
13.8215453,100.5650176,2,"""Name: 3869687965""",633
13.8220143,100.5652904,2,"""Name: 7895956605""",634
13.82291,100.5658129,2,"""Name: 1726187760""",635
13.822956,100.5661675,2,"""Name: 7895956698""",636
13.823009,100.5668008,2,"""Name: 3869687975""",637
13.8230395,100.5671657,2,"""Name: 1687480353""",638
13.8215931,100.5673673,2,"""Name: 1687480325""",639
13.8230395,100.5671657,2,"""Name: 1687480353""",640
13.823009,100.5668008,2,"""Name: 3869687975""",641
13.822956,100.5661675,2,"""Name: 7895956698""",642
13.82291,100.5658129,2,"""Name: 1726187760""",643
13.8233923,100.5660995,2,"""Name: 3869687986""",644
13.8239118,100.5664156,2,"""Name: 3869687995""",645
13.8243843,100.566697,2,"""Name: 7895956638""",646
13.8246463,100.5668484,2,"""Name: 7895956630""",647
13.8247638,100.5669225,2,"""Name: 1726187762""",648
13.8247674,100.5670137,2,"""Name: 3980677781""",649
13.8247674,100.5671411,2,"""Name: 3980677782""",650
13.8247726,100.567278,2,"""Name: 1687458782""",651
13.824853,100.5682169,2,"""Name: 3980677785""",652
13.8248586,100.5683152,2,"""Name: 3869688004""",653
13.8248632,100.568405,2,"""Name: 3980677787""",654
13.8248593,100.5694215,2,"""Name: 3980677786""",655
13.8248608,100.5695121,2,"""Name: 1687458783""",656
13.824873,100.5701981,2,"""Name: 1687458784""",657
13.8246177,100.57021,2,"""Name: 1687458779""",658
13.8242207,100.5702345,2,"""Name: 1687458774""",659
13.8239,100.5702603,2,"""Name: 3980677768""",660
13.8238763,100.5702705,2,"""Name: 1687458764""",661
13.8238676,100.5702961,2,"""Name: 3980677767""",662
13.8238777,100.5720242,2,"""Name: 1687458772""",663
13.8238676,100.5702961,2,"""Name: 3980677767""",664
13.8238763,100.5702705,2,"""Name: 1687458764""",665
13.8239,100.5702603,2,"""Name: 3980677768""",666
13.8242207,100.5702345,2,"""Name: 1687458774""",667
13.8246177,100.57021,2,"""Name: 1687458779""",668
13.8246522,100.5714089,2,"""Name: 10791348075""",669
13.8245081,100.5716037,2,"""Name: 1687458781""",670
13.8246522,100.5714089,2,"""Name: 10791348075""",671
13.8246177,100.57021,2,"""Name: 1687458779""",672
13.8242207,100.5702345,2,"""Name: 1687458774""",673
13.8242962,100.5717187,2,"""Name: 1687458777""",674
13.8242207,100.5702345,2,"""Name: 1687458774""",675
13.8246177,100.57021,2,"""Name: 1687458779""",676
13.824873,100.5701981,2,"""Name: 1687458784""",677
13.8248608,100.5695121,2,"""Name: 1687458783""",678
13.8252797,100.5694842,2,"""Name: 1687458794""",679
13.825636,100.5694687,2,"""Name: 1687458800""",680
13.8256629,100.5694792,2,"""Name: 3980677792""",681
13.825681,100.5695067,2,"""Name: 3980677793""",682
13.8256858,100.5695901,2,"""Name: 3980677794""",683
13.8256634,100.5696724,2,"""Name: 3869688006""",684
13.8254743,100.5701149,2,"""Name: 3980677790""",685
13.82545,100.5701508,2,"""Name: 1687458798""",686
13.8254743,100.5701149,2,"""Name: 3980677790""",687
13.8256634,100.5696724,2,"""Name: 3869688006""",688
13.8256858,100.5695901,2,"""Name: 3980677794""",689
13.825681,100.5695067,2,"""Name: 3980677793""",690
13.8256629,100.5694792,2,"""Name: 3980677792""",691
13.825636,100.5694687,2,"""Name: 1687458800""",692
13.8252797,100.5694842,2,"""Name: 1687458794""",693
13.8248608,100.5695121,2,"""Name: 1687458783""",694
13.8248593,100.5694215,2,"""Name: 3980677786""",695
13.8248632,100.568405,2,"""Name: 3980677787""",696
13.8248586,100.5683152,2,"""Name: 3869688004""",697
13.824853,100.5682169,2,"""Name: 3980677785""",698
13.8247726,100.567278,2,"""Name: 1687458782""",699
13.8247674,100.5671411,2,"""Name: 3980677782""",700
13.8247674,100.5670137,2,"""Name: 3980677781""",701
13.8247638,100.5669225,2,"""Name: 1726187762""",702
13.8252582,100.5672252,2,"""Name: 6257798658""",703
13.8265558,100.5679766,2,"""Name: 8370076554""",704
13.8266076,100.5680085,2,"""Name: 3869688011""",705
13.8268577,100.5681506,2,"""Name: 1851539062""",706
13.8269363,100.5679973,2,"""Name: 1892287926""",707
13.8268107,100.5679292,2,"""Name: 1689072557""",708
13.8266417,100.5678327,2,"""Name: 8370076541""",709
13.8265802,100.5677964,2,"""Name: 8370076539""",710
13.8261826,100.5675617,2,"""Name: 1687525277""",711
13.826222,100.5672866,2,"""Name: 7895956629""",712
13.8262376,100.5670117,2,"""Name: 7895956628""",713
13.8262435,100.5667214,2,"""Name: 1687525278""",714
13.826235,100.5665879,2,"""Name: 7895956627""",715
13.8261786,100.5662142,2,"""Name: 1687525276""",716
13.8260113,100.5652502,2,"""Name: 1687525275""",717
13.8259993,100.5652233,2,"""Name: 7895956659""",718
13.8259707,100.5652106,2,"""Name: 7895956660""",719
13.8258131,100.5652367,2,"""Name: 1687525273""",720
13.8255969,100.5652495,2,"""Name: 7895956658""",721
13.8255767,100.5652615,2,"""Name: 7895956657""",722
13.8255676,100.5652865,2,"""Name: 1687525268""",723
13.8255859,100.5655043,2,"""Name: 1687525269""",724
13.8257396,100.5673164,2,"""Name: 1687525272""",725
13.8261826,100.5675617,2,"""Name: 1687525277""",726
13.8265802,100.5677964,2,"""Name: 8370076539""",727
13.8266417,100.5678327,2,"""Name: 8370076541""",728
13.8268107,100.5679292,2,"""Name: 1689072557""",729
13.8269363,100.5679973,2,"""Name: 1892287926""",730
13.8271347,100.5681241,2,"""Name: 6257798653""",731
13.8270596,100.568268,2,"""Name: 1689072536""",732
13.8271555,100.5683245,2,"""Name: 6257798652""",733
13.8261862,100.5703017,2,"""Name: 6133511569""",734
13.8260995,100.5704787,2,"""Name: 2441070782""",735
13.8260277,100.5706227,2,"""Name: 2441070780""",736
13.8259009,100.5708556,2,"""Name: 3869741244""",737
13.8257753,100.5710936,2,"""Name: 2441070770""",738
13.8256501,100.5713162,2,"""Name: 2441070762""",739
13.8254861,100.5715679,2,"""Name: 2441070757""",740
13.8252629,100.5718712,2,"""Name: 2441070747""",741
13.8253444,100.5722599,2,"""Name: 2441070753""",742
13.8254979,100.5729595,2,"""Name: 7895955575""",743
13.825497,100.5729856,2,"""Name: 7895955574""",744
13.8254795,100.5730042,2,"""Name: 2441070758""",745
13.8253044,100.573024,2,"""Name: 2441070748""",746
13.8254187,100.5738481,2,"""Name: 2441070754""",747
13.8254652,100.5743234,2,"""Name: 2441070755""",748
13.825633,100.5755389,2,"""Name: 2441070761""",749
13.8258121,100.576772,2,"""Name: 2441070772""",750
13.8258012,100.5769805,2,"""Name: 2441070767""",751
13.8257851,100.5771658,2,"""Name: 2441070765""",752
13.8258027,100.5774212,2,"""Name: 2441070768""",753
13.82586,100.5777737,2,"""Name: 2441070775""",754
13.8259141,100.5782341,2,"""Name: 2441070778""",755
13.8259919,100.5787793,2,"""Name: 2441070779""",756
13.8260608,100.579265,2,"""Name: 2441070781""",757
13.826183,100.5802852,2,"""Name: 2441070783""",758
13.8261261,100.5803256,2,"""Name: 3869784479""",759
13.8257153,100.5803823,2,"""Name: 2441070763""",760
13.8252231,100.5804539,2,"""Name: 2441070746""",761
13.8250103,100.5804873,2,"""Name: 2441070741""",762
13.8252231,100.5804539,2,"""Name: 2441070746""",763
13.8257153,100.5803823,2,"""Name: 2441070763""",764
13.8261261,100.5803256,2,"""Name: 3869784479""",765
13.826183,100.5802852,2,"""Name: 2441070783""",766
13.8266964,100.5801442,2,"""Name: 2441070801""",767
13.8271506,100.5800759,2,"""Name: 2441070822""",768
13.8266964,100.5801442,2,"""Name: 2441070801""",769
13.826183,100.5802852,2,"""Name: 2441070783""",770
13.8261261,100.5803256,2,"""Name: 3869784479""",771
13.8257153,100.5803823,2,"""Name: 2441070763""",772
13.8258001,100.5810798,2,"""Name: 2441070766""",773
13.8257153,100.5803823,2,"""Name: 2441070763""",774
13.8261261,100.5803256,2,"""Name: 3869784479""",775
13.826183,100.5802852,2,"""Name: 2441070783""",776
13.8266964,100.5801442,2,"""Name: 2441070801""",777
13.8271506,100.5800759,2,"""Name: 2441070822""",778
13.8266964,100.5801442,2,"""Name: 2441070801""",779
13.826183,100.5802852,2,"""Name: 2441070783""",780
13.8261261,100.5803256,2,"""Name: 3869784479""",781
13.8257153,100.5803823,2,"""Name: 2441070763""",782
13.8255089,100.5789112,2,"""Name: 3869741243""",783
13.8253144,100.5774544,2,"""Name: 2441070752""",784
13.8255089,100.5789112,2,"""Name: 3869741243""",785
13.8257153,100.5803823,2,"""Name: 2441070763""",786
13.8261261,100.5803256,2,"""Name: 3869784479""",787
13.826183,100.5802852,2,"""Name: 2441070783""",788
13.8260608,100.579265,2,"""Name: 2441070781""",789
13.8259919,100.5787793,2,"""Name: 2441070779""",790
13.8259141,100.5782341,2,"""Name: 2441070778""",791
13.82586,100.5777737,2,"""Name: 2441070775""",792
13.8258027,100.5774212,2,"""Name: 2441070768""",793
13.8257851,100.5771658,2,"""Name: 2441070765""",794
13.8258012,100.5769805,2,"""Name: 2441070767""",795
13.8258121,100.576772,2,"""Name: 2441070772""",796
13.825633,100.5755389,2,"""Name: 2441070761""",797
13.8254652,100.5743234,2,"""Name: 2441070755""",798
13.8254187,100.5738481,2,"""Name: 2441070754""",799
13.8253044,100.573024,2,"""Name: 2441070748""",800
13.824838,100.5730712,2,"""Name: 2441070734""",801
13.8244595,100.5731135,2,"""Name: 2441070727""",802
13.8245416,100.5743894,2,"""Name: 2441070730""",803
13.824923,100.5743566,2,"""Name: 2441070736""",804
13.8245416,100.5743894,2,"""Name: 2441070730""",805
13.8244653,100.5744157,2,"""Name: 2441070728""",806
13.8242861,100.5744262,2,"""Name: 2441070721""",807
13.824091,100.5744459,2,"""Name: 2441070716""",808
13.8239346,100.5744513,2,"""Name: 2441070713""",809
13.8235091,100.5744997,2,"""Name: 2441070708""",810
13.8225306,100.5745978,2,"""Name: 8921442673""",811
13.8222609,100.5746248,2,"""Name: 8921442665""",812
13.822204,100.5746305,2,"""Name: 2441070698""",813
13.8222609,100.5746248,2,"""Name: 8921442665""",814
13.8225306,100.5745978,2,"""Name: 8921442673""",815
13.8235091,100.5744997,2,"""Name: 2441070708""",816
13.8239346,100.5744513,2,"""Name: 2441070713""",817
13.824091,100.5744459,2,"""Name: 2441070716""",818
13.8242861,100.5744262,2,"""Name: 2441070721""",819
13.8244653,100.5744157,2,"""Name: 2441070728""",820
13.8245416,100.5743894,2,"""Name: 2441070730""",821
13.8244595,100.5731135,2,"""Name: 2441070727""",822
13.824838,100.5730712,2,"""Name: 2441070734""",823
13.8253044,100.573024,2,"""Name: 2441070748""",824
13.8254795,100.5730042,2,"""Name: 2441070758""",825
13.825497,100.5729856,2,"""Name: 7895955574""",826
13.8254979,100.5729595,2,"""Name: 7895955575""",827
13.8253444,100.5722599,2,"""Name: 2441070753""",828
13.8252629,100.5718712,2,"""Name: 2441070747""",829
13.8251965,100.5717836,2,"""Name: 2441070745""",830
13.8250585,100.5719602,2,"""Name: 1689072463""",831
13.8248835,100.5721852,2,"""Name: 61711139""",832
13.8247521,100.57234,2,"""Name: 9736260362""",833
13.8246005,100.5725076,2,"""Name: 9736260363""",834
13.8244214,100.5727,2,"""Name: 61711137""",835
13.8242579,100.5728712,2,"""Name: 9736260361""",836
13.8240556,100.573072,2,"""Name: 2441070714""",837
13.8239144,100.5731948,2,"""Name: 1689072570""",838
13.8236258,100.5734265,2,"""Name: 61711135""",839
13.8234332,100.5735763,2,"""Name: 2441070704""",840
13.8231126,100.5737995,2,"""Name: 6480081881""",841
13.8228181,100.573994,2,"""Name: 6480092887""",842
13.8226257,100.5741132,2,"""Name: 61711133""",843
13.8222421,100.5743491,2,"""Name: 10931491507""",844
13.8219191,100.574538,2,"""Name: 10931491508""",845
13.8216146,100.5746979,2,"""Name: 61711131""",846
13.8213157,100.574835,2,"""Name: 1689261626""",847
13.8210723,100.574926,2,"""Name: 10869901759""",848
13.8206438,100.5750813,2,"""Name: 7930401853""",849
13.8205404,100.575119,2,"""Name: 61711129""",850
13.820444,100.5751508,2,"""Name: 7930401846""",851
13.820114,100.5752321,2,"""Name: 7930401841""",852
13.8190406,100.5754964,2,"""Name: 61711127""",853
13.8186266,100.5755602,2,"""Name: 1687538410""",854
13.818395,100.5755855,2,"""Name: 10770096813""",855
13.818146,100.5756026,2,"""Name: 10770096812""",856
13.8178668,100.5756105,2,"""Name: 10770096814""",857
13.8175718,100.575615,2,"""Name: 61711125""",858
13.8172111,100.5755995,2,"""Name: 1690067042""",859
13.8162019,100.5755542,2,"""Name: 7930372688""",860
13.8155734,100.5755246,2,"""Name: 1690066941""",861
13.8156405,100.5756933,2,"""Name: 1690067122""",862
13.8157551,100.5759839,2,"""Name: 7949578467""",863
13.8159302,100.5764277,2,"""Name: 1687538355""",864
13.8162249,100.5771976,2,"""Name: 7930384979""",865
13.816555,100.5780603,2,"""Name: 2118593028""",866
13.8173249,100.5796958,2,"""Name: 742015648""",867
13.8177189,100.5796602,2,"""Name: 10928180492""",868
13.818028,100.5796323,2,"""Name: 1687655331""",869
13.8182032,100.5796218,2,"""Name: 1687538402""",870
13.8183596,100.579608,2,"""Name: 1687655345""",871
13.8188409,100.5795828,2,"""Name: 1687655357""",872
13.8189167,100.5795794,2,"""Name: 7930384973""",873
13.8193197,100.5795616,2,"""Name: 1687655361""",874
13.819905,100.5795205,2,"""Name: 1687655387""",875
13.8204006,100.579491,2,"""Name: 1687655440""",876
13.8209214,100.57946,2,"""Name: 1687655472""",877
13.8208813,100.581803,2,"""Name: 1687655470""",878
13.820858,100.5833302,2,"""Name: 7998644199""",879
13.820852,100.5837353,2,"""Name: 7998644197""",880
13.8208369,100.584469,2,"""Name: 7998644195""",881
13.8208277,100.584919,2,"""Name: 1687655446""",882
13.8202962,100.5849145,2,"""Name: 1687655435""",883
13.8208277,100.584919,2,"""Name: 1687655446""",884
13.8210285,100.5849205,2,"""Name: 7998644189""",885
13.821346,100.5849228,2,"""Name: 1687655499""",886
13.8216219,100.5849313,2,"""Name: 7257464458""",887
13.8235152,100.58499,2,"""Name: 1687655612""",888
13.8240168,100.5849896,2,"""Name: 1687655641""",889
13.8251221,100.5849829,2,"""Name: 2440598184""",890
13.8240168,100.5849896,2,"""Name: 1687655641""",891
13.8235152,100.58499,2,"""Name: 1687655612""",892
13.8234703,100.5845263,2,"""Name: 7257377108""",893
13.8234618,100.5844389,2,"""Name: 1687655609""",894
13.8234093,100.5839396,2,"""Name: 1687655605""",895
13.8221318,100.5839046,2,"""Name: 7998627182""",896
13.8219818,100.5839005,2,"""Name: 7998627180""",897
13.8213667,100.5838837,2,"""Name: 1687655518""",898
13.8213488,100.5843988,2,"""Name: 1687655516""",899
13.8213464,100.5848491,2,"""Name: 7257464456""",900
13.821346,100.5849228,2,"""Name: 1687655499""",901
13.8213362,100.5854581,2,"""Name: 1687655496""",902
13.8233311,100.5855205,2,"""Name: 8087580464""",903
13.8235511,100.5855274,2,"""Name: 1687655620""",904
13.8235441,100.5854227,2,"""Name: 7998627177""",905
13.8235152,100.58499,2,"""Name: 1687655612""",906
13.8240168,100.5849896,2,"""Name: 1687655641""",907
13.8239538,100.5844656,2,"""Name: 1687655639""",908
13.8238859,100.5839314,2,"""Name: 2440598170""",909
13.8238248,100.5834153,2,"""Name: 2440598169""",910
13.8237581,100.5828748,2,"""Name: 1687655628""",911
13.8237459,100.5826456,2,"""Name: 3826327057""",912
13.8237369,100.5823662,2,"""Name: 2440598168""",913
13.8249136,100.5823993,2,"""Name: 2440598176""",914
13.8262797,100.5824387,2,"""Name: 2440598213""",915
13.8262573,100.5819131,2,"""Name: 1687655656""",916
13.8249257,100.5818722,2,"""Name: 2441070738""",917
13.8242814,100.5818526,2,"""Name: 2441070722""",918
13.8237213,100.5818375,2,"""Name: 1687655629""",919
13.8232779,100.5818295,2,"""Name: 1687655595""",920
13.8232982,100.5823596,2,"""Name: 1687655597""",921
13.8218998,100.5823275,2,"""Name: 3869783253""",922
13.8213983,100.582316,2,"""Name: 1687655523""",923
13.8213735,100.5828392,2,"""Name: 1687655521""",924
13.8217034,100.5828478,2,"""Name: 7998627184""",925
13.822237,100.5828616,2,"""Name: 1687655558""",926
13.8224498,100.5828697,2,"""Name: 3869784457""",927
13.8225915,100.5828749,2,"""Name: 8087580461""",928
13.8233326,100.5829019,2,"""Name: 1687655599""",929
13.8233687,100.583409,2,"""Name: 1687655602""",930
13.8224441,100.5833843,2,"""Name: 3869783256""",931
13.8213643,100.5833555,2,"""Name: 1687655520""",932
13.8213735,100.5828392,2,"""Name: 1687655521""",933
13.8213983,100.582316,2,"""Name: 1687655523""",934
13.8213949,100.5818027,2,"""Name: 1687655525""",935
13.8214004,100.5814563,2,"""Name: 1687655527""",936
13.8214024,100.5812643,2,"""Name: 1687655529""",937
13.8214241,100.5794255,2,"""Name: 1687655533""",938
13.8219339,100.5793989,2,"""Name: 1687655554""",939
13.8220778,100.5793911,2,"""Name: 1687525213""",940
13.8223889,100.5793676,2,"""Name: 1687655582""",941
13.8224494,100.5793599,2,"""Name: 1687525225""",942
13.8223889,100.5793676,2,"""Name: 1687655582""",943
13.8220778,100.5793911,2,"""Name: 1687525213""",944
13.8219339,100.5793989,2,"""Name: 1687655554""",945
13.8219154,100.5812707,2,"""Name: 1687655556""",946
13.8219339,100.5793989,2,"""Name: 1687655554""",947
13.8220778,100.5793911,2,"""Name: 1687525213""",948
13.8223889,100.5793676,2,"""Name: 1687655582""",949
13.8224494,100.5793599,2,"""Name: 1687525225""",950
13.8223889,100.5793676,2,"""Name: 1687655582""",951
13.8224072,100.5796952,2,"""Name: 3869741223""",952
13.8224554,100.5808558,2,"""Name: 8631627326""",953
13.8224731,100.5812815,2,"""Name: 1687655585""",954
13.8224554,100.5808558,2,"""Name: 8631627326""",955
13.8224072,100.5796952,2,"""Name: 3869741223""",956
13.8223889,100.5793676,2,"""Name: 1687655582""",957
13.8224494,100.5793599,2,"""Name: 1687525225""",958
13.8223889,100.5793676,2,"""Name: 1687655582""",959
13.8220778,100.5793911,2,"""Name: 1687525213""",960
13.8219339,100.5793989,2,"""Name: 1687655554""",961
13.8214241,100.5794255,2,"""Name: 1687655533""",962
13.8214024,100.5812643,2,"""Name: 1687655529""",963
13.8214004,100.5814563,2,"""Name: 1687655527""",964
13.8213949,100.5818027,2,"""Name: 1687655525""",965
13.821899,100.5818144,2,"""Name: 3869783252""",966
13.8232779,100.5818295,2,"""Name: 1687655595""",967
13.8237213,100.5818375,2,"""Name: 1687655629""",968
13.8237369,100.5823662,2,"""Name: 2440598168""",969
