100.4327725,13.8056397,100.4267725,13.7996397
100.4327725,13.8116397,100.4267725,13.8056397
100.4327725,13.8176397,100.4267725,13.8116397
100.4327725,13.8236397,100.4267725,13.8176397
100.4327725,13.8296397,100.4267725,13.8236397
100.4327725,13.8356397,100.4267725,13.8296397
100.4327725,13.8416397,100.4267725,13.8356397
100.4327725,13.8476397,100.4267725,13.8416397
100.4387725,13.8056397,100.4327725,13.7996397
100.4387725,13.8116397,100.4327725,13.8056397
100.4387725,13.8176397,100.4327725,13.8116397
100.4387725,13.8236397,100.4327725,13.8176397
100.4387725,13.8296397,100.4327725,13.8236397
100.4387725,13.8356397,100.4327725,13.8296397
100.4387725,13.8416397,100.4327725,13.8356397
100.4387725,13.8476397,100.4327725,13.8416397
100.4447725,13.8056397,100.4387725,13.7996397
100.4447725,13.8116397,100.4387725,13.8056397
100.4447725,13.8176397,100.4387725,13.8116397
100.4447725,13.8236397,100.4387725,13.8176397
100.4447725,13.8296397,100.4387725,13.8236397
100.4447725,13.8356397,100.4387725,13.8296397
100.4447725,13.8416397,100.4387725,13.8356397
100.4447725,13.8476397,100.4387725,13.8416397
100.4507725,13.8056397,100.4447725,13.7996397
100.4507725,13.8116397,100.4447725,13.8056397
100.4507725,13.8176397,100.4447725,13.8116397
100.4507725,13.8236397,100.4447725,13.8176397
100.4507725,13.8296397,100.4447725,13.8236397
100.4507725,13.8356397,100.4447725,13.8296397
100.4507725,13.8416397,100.4447725,13.8356397
100.4507725,13.8476397,100.4447725,13.8416397
100.4567725,13.8056397,100.4507725,13.7996397
100.4567725,13.8116397,100.4507725,13.8056397
100.4567725,13.8176397,100.4507725,13.8116397
100.4567725,13.8236397,100.4507725,13.8176397
100.4567725,13.8296397,100.4507725,13.8236397
100.4567725,13.8356397,100.4507725,13.8296397
100.4567725,13.8416397,100.4507725,13.8356397
100.4567725,13.8476397,100.4507725,13.8416397
100.4627725,13.8056397,100.4567725,13.7996397
100.4627725,13.8116397,100.4567725,13.8056397
100.4627725,13.8176397,100.4567725,13.8116397
100.4627725,13.8236397,100.4567725,13.8176397
100.4627725,13.8296397,100.4567725,13.8236397
100.4627725,13.8356397,100.4567725,13.8296397
100.4627725,13.8416397,100.4567725,13.8356397
100.4627725,13.8476397,100.4567725,13.8416397
100.4687725,13.6496397,100.4627725,13.6436397
100.4687725,13.8056397,100.4627725,13.7996397
100.4687725,13.8116397,100.4627725,13.8056397
100.4687725,13.8176397,100.4627725,13.8116397
100.4687725,13.8236397,100.4627725,13.8176397
100.4687725,13.8296397,100.4627725,13.8236397
100.4687725,13.8356397,100.4627725,13.8296397
100.4687725,13.8416397,100.4627725,13.8356397
100.4687725,13.8476397,100.4627725,13.8416397
100.4747725,13.6916397,100.4687725,13.6856397
100.4747725,13.7996397,100.4687725,13.7936397
100.4747725,13.8056397,100.4687725,13.7996397
100.4747725,13.8116397,100.4687725,13.8056397
100.4747725,13.8176397,100.4687725,13.8116397
100.4747725,13.8236397,100.4687725,13.8176397
100.4747725,13.8296397,100.4687725,13.8236397
100.4747725,13.8356397,100.4687725,13.8296397
100.4747725,13.8416397,100.4687725,13.8356397
100.4747725,13.8476397,100.4687725,13.8416397
100.4807725,13.7996397,100.4747725,13.7936397
100.4807725,13.8056397,100.4747725,13.7996397
100.4807725,13.8116397,100.4747725,13.8056397
100.4807725,13.8176397,100.4747725,13.8116397
100.4807725,13.8236397,100.4747725,13.8176397
100.4807725,13.8296397,100.4747725,13.8236397
100.4807725,13.8356397,100.4747725,13.8296397
100.4807725,13.8416397,100.4747725,13.8356397
100.4807725,13.8476397,100.4747725,13.8416397
100.4867725,13.7996397,100.4807725,13.7936397
100.4867725,13.8056397,100.4807725,13.7996397
100.4867725,13.8116397,100.4807725,13.8056397
100.4867725,13.8176397,100.4807725,13.8116397
100.4867725,13.8236397,100.4807725,13.8176397
100.4867725,13.8296397,100.4807725,13.8236397
100.4867725,13.8356397,100.4807725,13.8296397
100.4867725,13.8416397,100.4807725,13.8356397
100.4867725,13.8476397,100.4807725,13.8416397
100.4927725,13.8056397,100.4867725,13.7996397
100.4927725,13.8116397,100.4867725,13.8056397
100.4927725,13.8176397,100.4867725,13.8116397
100.4927725,13.8236397,100.4867725,13.8176397
100.4927725,13.8296397,100.4867725,13.8236397
100.4927725,13.8356397,100.4867725,13.8296397
100.4927725,13.8416397,100.4867725,13.8356397
100.4927725,13.8476397,100.4867725,13.8416397
100.4987725,13.8056397,100.4927725,13.7996397
100.4987725,13.8116397,100.4927725,13.8056397
100.4987725,13.8176397,100.4927725,13.8116397
100.4987725,13.8236397,100.4927725,13.8176397
100.4987725,13.8296397,100.4927725,13.8236397
100.4987725,13.8356397,100.4927725,13.8296397
100.4987725,13.8416397,100.4927725,13.8356397
100.4987725,13.8476397,100.4927725,13.8416397
100.5047725,13.8116397,100.4987725,13.8056397
100.5047725,13.8176397,100.4987725,13.8116397
100.5047725,13.8236397,100.4987725,13.8176397
100.5047725,13.8296397,100.4987725,13.8236397
100.5047725,13.8356397,100.4987725,13.8296397
100.5047725,13.8416397,100.4987725,13.8356397
100.5047725,13.8476397,100.4987725,13.8416397
100.5107725,13.8176397,100.5047725,13.8116397
100.5107725,13.8356397,100.5047725,13.8296397
100.5107725,13.8416397,100.5047725,13.8356397
100.5107725,13.8476397,100.5047725,13.8416397
100.5167725,13.6856397,100.5107725,13.6796397
100.5167725,13.8356397,100.5107725,13.8296397
100.5167725,13.8416397,100.5107725,13.8356397
100.5167725,13.8476397,100.5107725,13.8416397
100.5227725,13.6436397,100.5167725,13.6376397
100.5227725,13.6556397,100.5167725,13.6496397
100.5227725,13.8416397,100.5167725,13.8356397
100.5227725,13.8476397,100.5167725,13.8416397
100.5287725,13.6436397,100.5227725,13.6376397
100.5287725,13.6496397,100.5227725,13.6436397
100.5287725,13.6556397,100.5227725,13.6496397
100.5287725,13.6616397,100.5227725,13.6556397
100.5287725,13.6676397,100.5227725,13.6616397
100.5287725,13.6736397,100.5227725,13.6676397
100.5287725,13.8416397,100.5227725,13.8356397
100.5287725,13.8476397,100.5227725,13.8416397
100.5347725,13.6436397,100.5287725,13.6376397
100.5347725,13.6496397,100.5287725,13.6436397
100.5347725,13.6556397,100.5287725,13.6496397
100.5347725,13.6616397,100.5287725,13.6556397
100.5347725,13.6676397,100.5287725,13.6616397
100.5407725,13.6436397,100.5347725,13.6376397
100.5407725,13.6496397,100.5347725,13.6436397
100.5407725,13.6556397,100.5347725,13.6496397
100.5407725,13.6616397,100.5347725,13.6556397
100.5407725,13.6676397,100.5347725,13.6616397
100.5467725,13.6436397,100.5407725,13.6376397
100.5467725,13.6496397,100.5407725,13.6436397
100.5467725,13.6556397,100.5407725,13.6496397
100.5467725,13.6616397,100.5407725,13.6556397
100.5467725,13.6676397,100.5407725,13.6616397
100.5467725,13.8056397,100.5407725,13.7996397
100.5527725,13.6436397,100.5467725,13.6376397
100.5527725,13.6496397,100.5467725,13.6436397
100.5527725,13.6556397,100.5467725,13.6496397
100.5527725,13.6616397,100.5467725,13.6556397
100.5527725,13.6676397,100.5467725,13.6616397
100.5527725,13.6736397,100.5467725,13.6676397
100.5587725,13.6436397,100.5527725,13.6376397
100.5587725,13.6496397,100.5527725,13.6436397
100.5587725,13.6556397,100.5527725,13.6496397
100.5587725,13.6616397,100.5527725,13.6556397
100.5587725,13.6676397,100.5527725,13.6616397
100.5587725,13.6736397,100.5527725,13.6676397
100.5587725,13.6796397,100.5527725,13.6736397
100.5587725,13.6856397,100.5527725,13.6796397
100.5587725,13.6916397,100.5527725,13.6856397
100.5587725,13.6976397,100.5527725,13.6916397
100.5587725,13.7036397,100.5527725,13.6976397
100.5587725,13.7336397,100.5527725,13.7276397
100.5647725,13.6436397,100.5587725,13.6376397
100.5647725,13.6496397,100.5587725,13.6436397
100.5647725,13.6556397,100.5587725,13.6496397
100.5647725,13.6616397,100.5587725,13.6556397
100.5647725,13.6676397,100.5587725,13.6616397
100.5647725,13.6736397,100.5587725,13.6676397
100.5647725,13.6796397,100.5587725,13.6736397
100.5647725,13.6856397,100.5587725,13.6796397
100.5647725,13.6916397,100.5587725,13.6856397
100.5647725,13.6976397,100.5587725,13.6916397
100.5647725,13.7036397,100.5587725,13.6976397
100.5707725,13.6436397,100.5647725,13.6376397
100.5707725,13.6496397,100.5647725,13.6436397
100.5707725,13.6556397,100.5647725,13.6496397
100.5707725,13.6616397,100.5647725,13.6556397
100.5707725,13.6676397,100.5647725,13.6616397
100.5707725,13.6736397,100.5647725,13.6676397
100.5707725,13.6796397,100.5647725,13.6736397
100.5707725,13.6856397,100.5647725,13.6796397
100.5707725,13.6916397,100.5647725,13.6856397
100.5707725,13.6976397,100.5647725,13.6916397
100.5707725,13.7036397,100.5647725,13.6976397
100.5767725,13.6436397,100.5707725,13.6376397
100.5767725,13.6496397,100.5707725,13.6436397
100.5767725,13.6556397,100.5707725,13.6496397
100.5767725,13.6616397,100.5707725,13.6556397
100.5767725,13.6676397,100.5707725,13.6616397
100.5767725,13.6736397,100.5707725,13.6676397
100.5767725,13.6796397,100.5707725,13.6736397
100.5767725,13.6856397,100.5707725,13.6796397
100.5767725,13.6916397,100.5707725,13.6856397
100.5767725,13.6976397,100.5707725,13.6916397
100.5767725,13.7036397,100.5707725,13.6976397
100.5827725,13.6436397,100.5767725,13.6376397
100.5827725,13.6496397,100.5767725,13.6436397
100.5827725,13.6556397,100.5767725,13.6496397
100.5827725,13.6616397,100.5767725,13.6556397
100.5827725,13.6676397,100.5767725,13.6616397
100.5827725,13.6736397,100.5767725,13.6676397
100.5827725,13.6796397,100.5767725,13.6736397
100.5827725,13.6856397,100.5767725,13.6796397
100.5827725,13.6916397,100.5767725,13.6856397
100.5827725,13.6976397,100.5767725,13.6916397
100.5887725,13.6436397,100.5827725,13.6376397
100.5887725,13.6496397,100.5827725,13.6436397
100.5887725,13.6556397,100.5827725,13.6496397
100.5887725,13.6616397,100.5827725,13.6556397
100.5887725,13.6676397,100.5827725,13.6616397
100.5887725,13.6736397,100.5827725,13.6676397
100.5887725,13.6856397,100.5827725,13.6796397
100.5887725,13.6916397,100.5827725,13.6856397
100.5887725,13.6976397,100.5827725,13.6916397
100.5887725,13.7036397,100.5827725,13.6976397
100.5947725,13.6436397,100.5887725,13.6376397
100.5947725,13.6496397,100.5887725,13.6436397
100.5947725,13.6556397,100.5887725,13.6496397
100.5947725,13.6616397,100.5887725,13.6556397
100.6007725,13.6436397,100.5947725,13.6376397
100.6007725,13.6496397,100.5947725,13.6436397
100.6007725,13.6556397,100.5947725,13.6496397
100.6007725,13.6616397,100.5947725,13.6556397
100.6007725,13.6676397,100.5947725,13.6616397
100.6067725,13.6436397,100.6007725,13.6376397
100.6067725,13.6496397,100.6007725,13.6436397
100.6067725,13.6556397,100.6007725,13.6496397
100.6127725,13.6436397,100.6067725,13.6376397
100.6127725,13.6496397,100.6067725,13.6436397
100.6127725,13.8416397,100.6067725,13.8356397
100.6187725,13.6436397,100.6127725,13.6376397
100.6187725,13.6496397,100.6127725,13.6436397
100.6187725,13.6556397,100.6127725,13.6496397
100.6247725,13.6436397,100.6187725,13.6376397
100.6247725,13.6496397,100.6187725,13.6436397
100.6307725,13.6436397,100.6247725,13.6376397
100.6307725,13.6496397,100.6247725,13.6436397
100.6307725,13.8176397,100.6247725,13.8116397
