-79.6275273804482,43.725911040240646,-79.638024016205208,43.715789723333984
-79.626077844093075,43.600274990960635,-79.638077844093075,43.588274990960635
-79.626077844093075,43.612274990960636,-79.638077844093075,43.600274990960635
-79.626077844093075,43.624274990960636,-79.638077844093075,43.612274990960636
-79.626077844093075,43.636274990960636,-79.638077844093075,43.624274990960636
-79.626077844093075,43.648274990960637,-79.638077844093075,43.636274990960636
-79.626077844093075,43.660274990960637,-79.638077844093075,43.648274990960637
-79.626077844093075,43.672274990960631,-79.638077844093075,43.66027499096063
-79.626077844093075,43.684274990960631,-79.638077844093075,43.672274990960631
-79.626077844093075,43.696274990960632,-79.638077844093075,43.684274990960631
-79.626077844093075,43.708274990960632,-79.638077844093075,43.696274990960632
-79.626077844093075,43.720274990960633,-79.638077844093075,43.708274990960632
-79.626077800000004,43.600275000000003,-79.638077800000005,43.588275000000003
-79.626077800000004,43.612274999999997,-79.638077800000005,43.600275000000003
-79.626077800000004,43.624274999999997,-79.638077800000005,43.612274999999997
-79.626077800000004,43.636274999999998,-79.638077800000005,43.624274999999997
-79.626077800000004,43.648274999999998,-79.638077800000005,43.636274999999998
-79.626077800000004,43.660274999999999,-79.638077800000005,43.648274999999998
-79.626077800000004,43.672274999999999,-79.638077800000005,43.660274999999999
-79.626077800000004,43.684275,-79.638077800000005,43.672274999999999
-79.626077800000004,43.696275,-79.638077800000005,43.684275
-79.626077800000004,43.708275,-79.638077800000005,43.696275
-79.626077800000004,43.720275000000001,-79.638077800000005,43.708275
-79.617030744691192,43.695547089520659,-79.638024016205208,43.675304455707334
-79.617030744691192,43.715789723333984,-79.638024016205208,43.695547089520659
-79.614077844093075,43.600274990960635,-79.626077844093075,43.588274990960635
-79.614077844093075,43.612274990960636,-79.626077844093075,43.600274990960635
-79.614077844093075,43.624274990960636,-79.626077844093075,43.612274990960636
-79.614077844093075,43.636274990960636,-79.626077844093075,43.624274990960636
-79.614077844093075,43.648274990960637,-79.626077844093075,43.636274990960636
-79.614077844093075,43.660274990960637,-79.626077844093075,43.648274990960637
-79.614077844093075,43.672274990960631,-79.626077844093075,43.66027499096063
-79.614077844093075,43.684274990960631,-79.626077844093075,43.672274990960631
-79.614077844093075,43.696274990960632,-79.626077844093075,43.684274990960631
-79.614077800000004,43.600275000000003,-79.626077800000004,43.588275000000003
-79.614077800000004,43.612274999999997,-79.626077800000004,43.600275000000003
-79.614077800000004,43.624274999999997,-79.626077800000004,43.612274999999997
-79.614077800000004,43.636274999999998,-79.626077800000004,43.624274999999997
-79.614077800000004,43.648274999999998,-79.626077800000004,43.636274999999998
-79.614077800000004,43.660274999999999,-79.626077800000004,43.648274999999998
-79.614077800000004,43.672274999999999,-79.626077800000004,43.660274999999999
-79.614077800000004,43.684275,-79.626077800000004,43.672274999999999
-79.614077800000004,43.696275,-79.626077800000004,43.684275
-79.602077844093074,43.600274990960635,-79.614077844093075,43.588274990960635
-79.602077844093074,43.612274990960636,-79.614077844093075,43.600274990960635
-79.602077844093074,43.624274990960636,-79.614077844093075,43.612274990960636
-79.602077844093074,43.636274990960636,-79.614077844093075,43.624274990960636
-79.602077844093074,43.672274990960631,-79.614077844093075,43.66027499096063
-79.602077844093074,43.684274990960631,-79.614077844093075,43.672274990960631
-79.602077800000004,43.600275000000003,-79.614077800000004,43.588275000000003
-79.602077800000004,43.612274999999997,-79.614077800000004,43.600275000000003
-79.602077800000004,43.624274999999997,-79.614077800000004,43.612274999999997
-79.602077800000004,43.636274999999998,-79.614077800000004,43.624274999999997
-79.602077800000004,43.672274999999999,-79.614077800000004,43.660274999999999
-79.596037473177176,43.634819188080684,-79.638024016205208,43.594333920454034
-79.590077844093074,43.600274990960635,-79.602077844093074,43.588274990960635
-79.590077844093074,43.612274990960636,-79.602077844093074,43.600274990960635
-79.590077844093074,43.624274990960636,-79.602077844093074,43.612274990960636
-79.590077844093074,43.636274990960636,-79.602077844093074,43.624274990960636
-79.590077800000003,43.600275000000003,-79.602077800000004,43.588275000000003
-79.590077800000003,43.612274999999997,-79.602077800000004,43.600275000000003
-79.590077800000003,43.624274999999997,-79.602077800000004,43.612274999999997
-79.590077800000003,43.636274999999998,-79.602077800000004,43.624274999999997
-79.578077844093073,43.600274990960635,-79.590077844093074,43.588274990960635
-79.578077844093073,43.612274990960636,-79.590077844093074,43.600274990960635
-79.578077844093073,43.624274990960636,-79.590077844093074,43.612274990960636
-79.578077844093073,43.636274990960636,-79.590077844093074,43.624274990960636
-79.578077800000003,43.600275000000003,-79.590077800000003,43.588275000000003
-79.578077800000003,43.612274999999997,-79.590077800000003,43.600275000000003
-79.578077800000003,43.624274999999997,-79.590077800000003,43.612274999999997
-79.566077844093073,43.600274990960635,-79.578077844093073,43.588274990960635
-79.566077844093073,43.612274990960636,-79.578077844093073,43.600274990960635
-79.566077844093073,43.624274990960636,-79.578077844093073,43.612274990960636
-79.566077844093073,43.636274990960636,-79.578077844093073,43.624274990960636
-79.566077800000002,43.600275000000003,-79.578077800000003,43.588275000000003
-79.554077844093072,43.600274990960635,-79.566077844093073,43.588274990960635
-79.554077844093072,43.612274990960636,-79.566077844093073,43.600274990960635
-79.554077844093072,43.624274990960636,-79.566077844093073,43.612274990960636
-79.554077844093072,43.636274990960636,-79.566077844093073,43.624274990960636
-79.554077844093072,43.744274990960633,-79.566077844093073,43.732274990960633
-79.554077844093072,43.756274990960634,-79.566077844093073,43.744274990960633
-79.554077800000002,43.600275000000003,-79.566077800000002,43.588275000000003
-79.554077800000002,43.756275000000002,-79.566077800000002,43.744275000000002
-79.554050930149145,43.634819188080684,-79.596037473177176,43.594333920454034
-79.542077844093072,43.612274990960636,-79.554077844093072,43.600274990960635
-79.542077844093072,43.624274990960636,-79.554077844093072,43.612274990960636
-79.542077844093072,43.636274990960636,-79.554077844093072,43.624274990960636
-79.542077844093072,43.732274990960633,-79.554077844093072,43.720274990960633
-79.542077844093072,43.744274990960633,-79.554077844093072,43.732274990960633
-79.542077844093072,43.756274990960634,-79.554077844093072,43.744274990960633
-79.542077800000001,43.744275000000002,-79.554077800000002,43.732275000000001
-79.542077800000001,43.756275000000002,-79.554077800000002,43.744275000000002
-79.530077844093071,43.612274990960636,-79.542077844093072,43.600274990960635
-79.530077844093071,43.624274990960636,-79.542077844093072,43.612274990960636
-79.530077844093071,43.636274990960636,-79.542077844093072,43.624274990960636
-79.530077844093071,43.708274990960632,-79.542077844093072,43.696274990960632
-79.530077844093071,43.720274990960633,-79.542077844093072,43.708274990960632
-79.530077844093071,43.732274990960633,-79.542077844093072,43.720274990960633
-79.530077844093071,43.744274990960633,-79.542077844093072,43.732274990960633
-79.530077844093071,43.756274990960634,-79.542077844093072,43.744274990960633
-79.530077800000001,43.600275000000003,-79.542077800000001,43.588275000000003
-79.530077800000001,43.612274999999997,-79.542077800000001,43.600275000000003
-79.530077800000001,43.732275000000001,-79.542077800000001,43.720275000000001
-79.530077800000001,43.744275000000002,-79.542077800000001,43.732275000000001
-79.530077800000001,43.756275000000002,-79.542077800000001,43.744275000000002
-79.518077844093071,43.600274990960635,-79.530077844093071,43.588274990960635
-79.518077844093071,43.612274990960636,-79.530077844093071,43.600274990960635
-79.518077844093071,43.624274990960636,-79.530077844093071,43.612274990960636
-79.518077844093071,43.636274990960636,-79.530077844093071,43.624274990960636
-79.518077844093071,43.708274990960632,-79.530077844093071,43.696274990960632
-79.518077844093071,43.720274990960633,-79.530077844093071,43.708274990960632
-79.518077844093071,43.732274990960633,-79.530077844093071,43.720274990960633
-79.518077844093071,43.744274990960633,-79.530077844093071,43.732274990960633
-79.518077844093071,43.756274990960634,-79.530077844093071,43.744274990960633
-79.5180778,43.600275000000003,-79.530077800000001,43.588275000000003
-79.5180778,43.612274999999997,-79.530077800000001,43.600275000000003
-79.5180778,43.624274999999997,-79.530077800000001,43.612274999999997
-79.5180778,43.696275,-79.530077800000001,43.684275
-79.5180778,43.708275,-79.530077800000001,43.696275
-79.5180778,43.720275000000001,-79.530077800000001,43.708275
-79.5180778,43.732275000000001,-79.530077800000001,43.720275000000001
-79.5180778,43.744275000000002,-79.530077800000001,43.732275000000001
-79.5180778,43.756275000000002,-79.530077800000001,43.744275000000002
-79.512064387121114,43.715789723333984,-79.53305765863513,43.695547089520659
-79.50607784409307,43.600274990960635,-79.518077844093071,43.588274990960635
-79.50607784409307,43.612274990960636,-79.518077844093071,43.600274990960635
-79.50607784409307,43.636274990960636,-79.518077844093071,43.624274990960636
-79.50607784409307,43.648274990960637,-79.518077844093071,43.636274990960636
-79.50607784409307,43.660274990960637,-79.518077844093071,43.648274990960637
-79.50607784409307,43.672274990960631,-79.518077844093071,43.66027499096063
-79.50607784409307,43.696274990960632,-79.518077844093071,43.684274990960631
-79.50607784409307,43.708274990960632,-79.518077844093071,43.696274990960632
-79.50607784409307,43.720274990960633,-79.518077844093071,43.708274990960632
-79.50607784409307,43.732274990960633,-79.518077844093071,43.720274990960633
-79.50607784409307,43.744274990960633,-79.518077844093071,43.732274990960633
-79.50607784409307,43.756274990960634,-79.518077844093071,43.744274990960633
-79.5060778,43.600275000000003,-79.5180778,43.588275000000003
-79.5060778,43.636274999999998,-79.5180778,43.624274999999997
-79.5060778,43.648274999999998,-79.5180778,43.636274999999998
-79.5060778,43.660274999999999,-79.5180778,43.648274999999998
-79.5060778,43.708275,-79.5180778,43.696275
-79.5060778,43.720275000000001,-79.5180778,43.708275
-79.5060778,43.732275000000001,-79.5180778,43.720275000000001
-79.5060778,43.744275000000002,-79.5180778,43.732275000000001
-79.5060778,43.756275000000002,-79.5180778,43.744275000000002
-79.49407784409307,43.600274990960635,-79.50607784409307,43.588274990960635
-79.49407784409307,43.612274990960636,-79.50607784409307,43.600274990960635
-79.49407784409307,43.624274990960636,-79.50607784409307,43.612274990960636
-79.49407784409307,43.636274990960636,-79.50607784409307,43.624274990960636
-79.49407784409307,43.648274990960637,-79.50607784409307,43.636274990960636
-79.49407784409307,43.660274990960637,-79.50607784409307,43.648274990960637
-79.49407784409307,43.672274990960631,-79.50607784409307,43.66027499096063
-79.49407784409307,43.684274990960631,-79.50607784409307,43.672274990960631
-79.49407784409307,43.696274990960632,-79.50607784409307,43.684274990960631
-79.49407784409307,43.708274990960632,-79.50607784409307,43.696274990960632
-79.49407784409307,43.720274990960633,-79.50607784409307,43.708274990960632
-79.49407784409307,43.732274990960633,-79.50607784409307,43.720274990960633
-79.49407784409307,43.744274990960633,-79.50607784409307,43.732274990960633
-79.49407784409307,43.756274990960634,-79.50607784409307,43.744274990960633
-79.494077799999999,43.600275000000003,-79.5060778,43.588275000000003
-79.494077799999999,43.624274999999997,-79.5060778,43.612274999999997
-79.494077799999999,43.636274999999998,-79.5060778,43.624274999999997
-79.494077799999999,43.648274999999998,-79.5060778,43.636274999999998
-79.494077799999999,43.660274999999999,-79.5060778,43.648274999999998
-79.494077799999999,43.684275,-79.5060778,43.672274999999999
-79.494077799999999,43.696275,-79.5060778,43.684275
-79.494077799999999,43.708275,-79.5060778,43.696275
-79.494077799999999,43.720275000000001,-79.5060778,43.708275
-79.494077799999999,43.732275000000001,-79.5060778,43.720275000000001
-79.494077799999999,43.744275000000002,-79.5060778,43.732275000000001
-79.494077799999999,43.756275000000002,-79.5060778,43.744275000000002
-79.48207784409307,43.600274990960635,-79.49407784409307,43.588274990960635
-79.48207784409307,43.612274990960636,-79.49407784409307,43.600274990960635
-79.48207784409307,43.624274990960636,-79.49407784409307,43.612274990960636
-79.48207784409307,43.636274990960636,-79.49407784409307,43.624274990960636
-79.48207784409307,43.648274990960637,-79.49407784409307,43.636274990960636
-79.48207784409307,43.660274990960637,-79.49407784409307,43.648274990960637
-79.48207784409307,43.672274990960631,-79.49407784409307,43.66027499096063
-79.48207784409307,43.684274990960631,-79.49407784409307,43.672274990960631
-79.48207784409307,43.696274990960632,-79.49407784409307,43.684274990960631
-79.48207784409307,43.708274990960632,-79.49407784409307,43.696274990960632
-79.48207784409307,43.720274990960633,-79.49407784409307,43.708274990960632
-79.48207784409307,43.732274990960633,-79.49407784409307,43.720274990960633
-79.48207784409307,43.744274990960633,-79.49407784409307,43.732274990960633
-79.48207784409307,43.756274990960634,-79.49407784409307,43.744274990960633
-79.482077799999999,43.600275000000003,-79.494077799999999,43.588275000000003
-79.482077799999999,43.624274999999997,-79.494077799999999,43.612274999999997
-79.482077799999999,43.636274999999998,-79.494077799999999,43.624274999999997
-79.482077799999999,43.648274999999998,-79.494077799999999,43.636274999999998
-79.482077799999999,43.660274999999999,-79.494077799999999,43.648274999999998
-79.482077799999999,43.672274999999999,-79.494077799999999,43.660274999999999
-79.482077799999999,43.684275,-79.494077799999999,43.672274999999999
-79.482077799999999,43.696275,-79.494077799999999,43.684275
-79.482077799999999,43.708275,-79.494077799999999,43.696275
-79.482077799999999,43.720275000000001,-79.494077799999999,43.708275
-79.482077799999999,43.732275000000001,-79.494077799999999,43.720275000000001
-79.482077799999999,43.744275000000002,-79.494077799999999,43.732275000000001
-79.482077799999999,43.756275000000002,-79.494077799999999,43.744275000000002
-79.470077844093069,43.600274990960635,-79.48207784409307,43.588274990960635
-79.470077844093069,43.612274990960636,-79.48207784409307,43.600274990960635
-79.470077844093069,43.624274990960636,-79.48207784409307,43.612274990960636
-79.470077844093069,43.636274990960636,-79.48207784409307,43.624274990960636
-79.470077844093069,43.648274990960637,-79.48207784409307,43.636274990960636
-79.470077844093069,43.660274990960637,-79.48207784409307,43.648274990960637
-79.470077844093069,43.672274990960631,-79.48207784409307,43.66027499096063
-79.470077844093069,43.675304455707334,-79.512064387121114,43.634819188080684
-79.470077844093069,43.684274990960631,-79.48207784409307,43.672274990960631
-79.470077844093069,43.696274990960632,-79.48207784409307,43.684274990960631
-79.470077844093069,43.708274990960632,-79.48207784409307,43.696274990960632
-79.470077844093069,43.720274990960633,-79.48207784409307,43.708274990960632
-79.470077844093069,43.732274990960633,-79.48207784409307,43.720274990960633
-79.470077844093069,43.744274990960633,-79.48207784409307,43.732274990960633
-79.470077844093069,43.756274990960634,-79.512064387121114,43.715789723333984
-79.470077844093069,43.756274990960634,-79.48207784409307,43.744274990960633
-79.470077799999999,43.600275000000003,-79.482077799999999,43.588275000000003
-79.470077799999999,43.612274999999997,-79.482077799999999,43.600275000000003
-79.470077799999999,43.624274999999997,-79.482077799999999,43.612274999999997
-79.470077799999999,43.636274999999998,-79.482077799999999,43.624274999999997
-79.470077799999999,43.648274999999998,-79.482077799999999,43.636274999999998
-79.470077799999999,43.660274999999999,-79.482077799999999,43.648274999999998
-79.470077799999999,43.672274999999999,-79.482077799999999,43.660274999999999
-79.470077799999999,43.684275,-79.482077799999999,43.672274999999999
-79.470077799999999,43.696275,-79.482077799999999,43.684275
-79.470077799999999,43.708275,-79.482077799999999,43.696275
-79.470077799999999,43.720275000000001,-79.482077799999999,43.708275
-79.470077799999999,43.732275000000001,-79.482077799999999,43.720275000000001
-79.470077799999999,43.744275000000002,-79.482077799999999,43.732275000000001
-79.470077799999999,43.756275000000002,-79.482077799999999,43.744275000000002
