-74.843668,43.73641,-74.855668,43.72441
-74.843668,43.74841,-74.855668,43.73641
-74.843668,43.76041,-74.855668,43.74841
-74.843668,43.77241,-74.855668,43.76041
-74.843668,43.78441,-74.855668,43.77241
-74.843668,43.79641,-74.855668,43.78441
-74.843668,43.80841,-74.855668,43.79641
-74.843668,43.82041,-74.855668,43.80841
-74.843668,43.83241,-74.855668,43.82041
-74.843668,43.844409999999996,-74.855668,43.832409999999996
-74.843668,43.85641,-74.855668,43.844409999999996
-74.843668,43.86841,-74.855668,43.85641
-74.843668,43.88041,-74.855668,43.86841
-74.843668,43.89241,-74.855668,43.88041
-74.843668,43.90441,-74.855668,43.89241
-74.843668,43.91641,-74.855668,43.90441
-74.843668,43.92841,-74.855668,43.91641
-74.843668,43.94041,-74.855668,43.92841
-74.843668,43.95241,-74.855668,43.94041
-74.843668,43.96441,-74.855668,43.95241
-74.843668,43.97641,-74.855668,43.96441
-74.843668,43.98841,-74.855668,43.97641
-74.843668,44.00041,-74.855668,43.98841
-74.843668,44.01241,-74.855668,44.00041
-74.843668,44.02441,-74.855668,44.01241
-74.843668,44.03641,-74.855668,44.024409999999996
-74.843668,44.04841,-74.855668,44.03641
-74.843668,44.06041,-74.855668,44.04841
-74.843668,44.07241,-74.855668,44.06041
-74.843668,44.08441,-74.855668,44.07241
-74.843668,44.09641,-74.855668,44.08441
-74.843668,44.10841,-74.855668,44.09641
-74.843668,44.12041,-74.855668,44.10841
-74.831668,43.73641,-74.843668,43.72441
-74.831668,43.74841,-74.843668,43.73641
-74.831668,43.76041,-74.843668,43.74841
-74.831668,43.77241,-74.843668,43.76041
-74.831668,43.78441,-74.843668,43.77241
-74.831668,43.79641,-74.843668,43.78441
-74.831668,43.80841,-74.843668,43.79641
-74.831668,43.82041,-74.843668,43.80841
-74.831668,43.83241,-74.843668,43.82041
-74.831668,43.844409999999996,-74.843668,43.832409999999996
-74.831668,43.85641,-74.843668,43.844409999999996
-74.831668,43.86841,-74.843668,43.85641
-74.831668,43.88041,-74.843668,43.86841
-74.831668,43.89241,-74.843668,43.88041
-74.831668,43.90441,-74.843668,43.89241
-74.831668,43.91641,-74.843668,43.90441
-74.831668,43.92841,-74.843668,43.91641
-74.831668,43.95241,-74.843668,43.94041
-74.831668,43.97641,-74.843668,43.96441
-74.831668,43.98841,-74.843668,43.97641
-74.831668,44.00041,-74.843668,43.98841
-74.831668,44.01241,-74.843668,44.00041
-74.831668,44.04841,-74.843668,44.03641
-74.831668,44.06041,-74.843668,44.04841
-74.831668,44.07241,-74.843668,44.06041
-74.831668,44.08441,-74.843668,44.07241
-74.831668,44.09641,-74.843668,44.08441
-74.831668,44.10841,-74.843668,44.09641
-74.831668,44.12041,-74.843668,44.10841
-74.81966800000001,43.73641,-74.83166800000001,43.72441
-74.81966800000001,43.74841,-74.83166800000001,43.73641
-74.81966800000001,43.76041,-74.83166800000001,43.74841
-74.81966800000001,43.77241,-74.83166800000001,43.76041
-74.81966800000001,43.78441,-74.83166800000001,43.77241
-74.81966800000001,43.79641,-74.83166800000001,43.78441
-74.81966800000001,43.80841,-74.83166800000001,43.79641
-74.81966800000001,43.82041,-74.83166800000001,43.80841
-74.81966800000001,43.83241,-74.83166800000001,43.82041
-74.81966800000001,43.844409999999996,-74.83166800000001,43.832409999999996
-74.81966800000001,43.85641,-74.83166800000001,43.844409999999996
-74.81966800000001,43.86841,-74.83166800000001,43.85641
-74.81966800000001,43.88041,-74.83166800000001,43.86841
-74.81966800000001,43.89241,-74.83166800000001,43.88041
-74.81966800000001,43.90441,-74.83166800000001,43.89241
-74.81966800000001,43.91641,-74.83166800000001,43.90441
-74.81966800000001,43.92841,-74.83166800000001,43.91641
-74.81966800000001,43.94041,-74.83166800000001,43.92841
-74.81966800000001,43.95241,-74.83166800000001,43.94041
-74.81966800000001,43.98841,-74.83166800000001,43.97641
-74.81966800000001,44.00041,-74.83166800000001,43.98841
-74.81966800000001,44.01241,-74.83166800000001,44.00041
-74.81966800000001,44.04841,-74.83166800000001,44.03641
-74.81966800000001,44.06041,-74.83166800000001,44.04841
-74.81966800000001,44.07241,-74.83166800000001,44.06041
-74.81966800000001,44.08441,-74.83166800000001,44.07241
-74.81966800000001,44.09641,-74.83166800000001,44.08441
-74.81966800000001,44.10841,-74.83166800000001,44.09641
-74.81966800000001,44.12041,-74.83166800000001,44.10841
-74.807668,43.73641,-74.81966800000001,43.72441
-74.807668,43.74841,-74.81966800000001,43.73641
-74.807668,43.76041,-74.81966800000001,43.74841
-74.807668,43.77241,-74.81966800000001,43.76041
-74.807668,43.78441,-74.81966800000001,43.77241
-74.807668,43.79641,-74.81966800000001,43.78441
-74.807668,43.80841,-74.81966800000001,43.79641
-74.807668,43.82041,-74.81966800000001,43.80841
-74.807668,43.83241,-74.81966800000001,43.82041
-74.807668,43.844409999999996,-74.81966800000001,43.832409999999996
-74.807668,43.85641,-74.81966800000001,43.844409999999996
-74.807668,43.86841,-74.81966800000001,43.85641
-74.807668,43.88041,-74.81966800000001,43.86841
-74.807668,43.89241,-74.81966800000001,43.88041
-74.807668,43.90441,-74.81966800000001,43.89241
-74.807668,43.91641,-74.81966800000001,43.90441
-74.807668,43.92841,-74.81966800000001,43.91641
-74.807668,43.94041,-74.81966800000001,43.92841
-74.807668,43.95241,-74.81966800000001,43.94041
-74.807668,43.98841,-74.81966800000001,43.97641
-74.807668,44.00041,-74.81966800000001,43.98841
-74.807668,44.01241,-74.81966800000001,44.00041
-74.807668,44.04841,-74.81966800000001,44.03641
-74.807668,44.06041,-74.81966800000001,44.04841
-74.807668,44.07241,-74.81966800000001,44.06041
-74.807668,44.08441,-74.81966800000001,44.07241
-74.807668,44.09641,-74.81966800000001,44.08441
-74.807668,44.10841,-74.81966800000001,44.09641
-74.807668,44.12041,-74.81966800000001,44.10841
-74.795668,43.73641,-74.807668,43.72441
-74.795668,43.74841,-74.807668,43.73641
-74.795668,43.76041,-74.807668,43.74841
-74.795668,43.77241,-74.807668,43.76041
-74.795668,43.78441,-74.807668,43.77241
-74.795668,43.79641,-74.807668,43.78441
-74.795668,43.80841,-74.807668,43.79641
-74.795668,43.82041,-74.807668,43.80841
-74.795668,43.83241,-74.807668,43.82041
-74.795668,43.844409999999996,-74.807668,43.832409999999996
-74.795668,43.85641,-74.807668,43.844409999999996
-74.795668,43.86841,-74.807668,43.85641
-74.795668,43.88041,-74.807668,43.86841
-74.795668,43.89241,-74.807668,43.88041
-74.795668,43.90441,-74.807668,43.89241
-74.795668,43.91641,-74.807668,43.90441
-74.795668,43.92841,-74.807668,43.91641
-74.795668,43.94041,-74.807668,43.92841
-74.795668,43.95241,-74.807668,43.94041
-74.795668,43.96441,-74.807668,43.95241
-74.795668,43.98841,-74.807668,43.97641
-74.795668,44.00041,-74.807668,43.98841
-74.795668,44.01241,-74.807668,44.00041
-74.795668,44.04841,-74.807668,44.03641
-74.795668,44.06041,-74.807668,44.04841
-74.795668,44.07241,-74.807668,44.06041
-74.795668,44.08441,-74.807668,44.07241
-74.795668,44.09641,-74.807668,44.08441
-74.795668,44.10841,-74.807668,44.09641
-74.795668,44.12041,-74.807668,44.10841
-74.783668,43.73641,-74.795668,43.72441
-74.783668,43.74841,-74.795668,43.73641
-74.783668,43.76041,-74.795668,43.74841
-74.783668,43.77241,-74.795668,43.76041
-74.783668,43.78441,-74.795668,43.77241
-74.783668,43.79641,-74.795668,43.78441
-74.783668,43.80841,-74.795668,43.79641
-74.783668,43.82041,-74.795668,43.80841
-74.783668,43.83241,-74.795668,43.82041
-74.783668,43.844409999999996,-74.795668,43.832409999999996
-74.783668,43.85641,-74.795668,43.844409999999996
-74.783668,43.86841,-74.795668,43.85641
-74.783668,43.88041,-74.795668,43.86841
-74.783668,43.89241,-74.795668,43.88041
-74.783668,43.90441,-74.795668,43.89241
-74.783668,43.91641,-74.795668,43.90441
-74.783668,43.92841,-74.795668,43.91641
-74.783668,43.94041,-74.795668,43.92841
-74.783668,43.95241,-74.795668,43.94041
-74.783668,43.96441,-74.795668,43.95241
-74.783668,44.00041,-74.795668,43.98841
-74.783668,44.01241,-74.795668,44.00041
-74.783668,44.06041,-74.795668,44.04841
-74.783668,44.07241,-74.795668,44.06041
-74.783668,44.08441,-74.795668,44.07241
-74.783668,44.09641,-74.795668,44.08441
-74.783668,44.10841,-74.795668,44.09641
-74.783668,44.12041,-74.795668,44.10841
-74.771668,43.73641,-74.783668,43.72441
-74.771668,43.74841,-74.783668,43.73641
-74.771668,43.76041,-74.783668,43.74841
-74.771668,43.77241,-74.783668,43.76041
-74.771668,43.79641,-74.783668,43.78441
-74.771668,43.80841,-74.783668,43.79641
-74.771668,43.82041,-74.783668,43.80841
-74.771668,43.83241,-74.783668,43.82041
-74.771668,43.844409999999996,-74.783668,43.832409999999996
-74.771668,43.85641,-74.783668,43.844409999999996
-74.771668,43.86841,-74.783668,43.85641
-74.771668,43.88041,-74.783668,43.86841
-74.771668,43.89241,-74.783668,43.88041
-74.771668,43.90441,-74.783668,43.89241
-74.771668,43.91641,-74.783668,43.90441
-74.771668,43.92841,-74.783668,43.91641
-74.771668,43.94041,-74.783668,43.92841
-74.771668,43.95241,-74.783668,43.94041
-74.771668,43.96441,-74.783668,43.95241
-74.771668,43.97641,-74.783668,43.96441
-74.771668,44.02441,-74.783668,44.01241
-74.771668,44.03641,-74.783668,44.024409999999996
-74.771668,44.04841,-74.783668,44.03641
-74.771668,44.06041,-74.783668,44.04841
-74.771668,44.07241,-74.783668,44.06041
-74.771668,44.08441,-74.783668,44.07241
-74.771668,44.09641,-74.783668,44.08441
-74.771668,44.10841,-74.783668,44.09641
-74.771668,44.12041,-74.783668,44.10841
-74.759668,43.73641,-74.771668,43.72441
-74.759668,43.74841,-74.771668,43.73641
-74.759668,43.76041,-74.771668,43.74841
-74.759668,43.77241,-74.771668,43.76041
-74.759668,43.79641,-74.771668,43.78441
-74.759668,43.80841,-74.771668,43.79641
-74.759668,43.82041,-74.771668,43.80841
-74.759668,43.83241,-74.771668,43.82041
-74.759668,43.844409999999996,-74.771668,43.832409999999996
-74.759668,43.85641,-74.771668,43.844409999999996
-74.759668,43.86841,-74.771668,43.85641
-74.759668,43.88041,-74.771668,43.86841
-74.759668,43.89241,-74.771668,43.88041
-74.759668,43.90441,-74.771668,43.89241
-74.759668,43.91641,-74.771668,43.90441
-74.759668,43.92841,-74.771668,43.91641
-74.759668,43.94041,-74.771668,43.92841
-74.759668,43.95241,-74.771668,43.94041
-74.759668,43.96441,-74.771668,43.95241
-74.759668,43.97641,-74.771668,43.96441
-74.759668,43.98841,-74.771668,43.97641
-74.759668,44.03641,-74.771668,44.024409999999996
-74.759668,44.04841,-74.771668,44.03641
-74.759668,44.06041,-74.771668,44.04841
-74.759668,44.07241,-74.771668,44.06041
-74.759668,44.08441,-74.771668,44.07241
-74.759668,44.09641,-74.771668,44.08441
-74.759668,44.10841,-74.771668,44.09641
-74.759668,44.12041,-74.771668,44.10841
-74.747668,43.73641,-74.759668,43.72441
-74.747668,43.74841,-74.759668,43.73641
-74.747668,43.76041,-74.759668,43.74841
-74.747668,43.77241,-74.759668,43.76041
-74.747668,43.80841,-74.759668,43.79641
-74.747668,43.82041,-74.759668,43.80841
-74.747668,43.83241,-74.759668,43.82041
-74.747668,43.844409999999996,-74.759668,43.832409999999996
-74.747668,43.85641,-74.759668,43.844409999999996
-74.747668,43.86841,-74.759668,43.85641
-74.747668,43.88041,-74.759668,43.86841
-74.747668,43.89241,-74.759668,43.88041
-74.747668,43.90441,-74.759668,43.89241
-74.747668,43.91641,-74.759668,43.90441
-74.747668,43.92841,-74.759668,43.91641
-74.747668,43.94041,-74.759668,43.92841
-74.747668,43.95241,-74.759668,43.94041
-74.747668,43.96441,-74.759668,43.95241
-74.747668,43.97641,-74.759668,43.96441
-74.747668,43.98841,-74.759668,43.97641
-74.747668,44.00041,-74.759668,43.98841
-74.747668,44.03641,-74.759668,44.024409999999996
-74.747668,44.04841,-74.759668,44.03641
-74.747668,44.06041,-74.759668,44.04841
-74.747668,44.07241,-74.759668,44.06041
-74.747668,44.08441,-74.759668,44.07241
-74.747668,44.09641,-74.759668,44.08441
-74.747668,44.10841,-74.759668,44.09641
-74.747668,44.12041,-74.759668,44.10841
-74.735668,43.73641,-74.747668,43.72441
-74.735668,43.74841,-74.747668,43.73641
-74.735668,43.76041,-74.747668,43.74841
-74.735668,43.77241,-74.747668,43.76041
-74.735668,43.78441,-74.747668,43.77241
-74.735668,43.80841,-74.747668,43.79641
-74.735668,43.82041,-74.747668,43.80841
-74.735668,43.83241,-74.747668,43.82041
-74.735668,43.844409999999996,-74.747668,43.832409999999996
-74.735668,43.85641,-74.747668,43.844409999999996
-74.735668,43.86841,-74.747668,43.85641
-74.735668,43.88041,-74.747668,43.86841
-74.735668,43.89241,-74.747668,43.88041
-74.735668,43.90441,-74.747668,43.89241
-74.735668,43.91641,-74.747668,43.90441
-74.735668,43.92841,-74.747668,43.91641
-74.735668,43.94041,-74.747668,43.92841
-74.735668,43.95241,-74.747668,43.94041
-74.735668,43.96441,-74.747668,43.95241
-74.735668,43.97641,-74.747668,43.96441
-74.735668,43.98841,-74.747668,43.97641
-74.735668,44.00041,-74.747668,43.98841
-74.735668,44.01241,-74.747668,44.00041
-74.735668,44.03641,-74.747668,44.024409999999996
-74.735668,44.04841,-74.747668,44.03641
-74.735668,44.06041,-74.747668,44.04841
-74.735668,44.07241,-74.747668,44.06041
-74.735668,44.08441,-74.747668,44.07241
-74.735668,44.09641,-74.747668,44.08441
-74.735668,44.10841,-74.747668,44.09641
-74.735668,44.12041,-74.747668,44.10841
-74.723668,43.73641,-74.735668,43.72441
-74.723668,43.74841,-74.735668,43.73641
-74.723668,43.76041,-74.735668,43.74841
-74.723668,43.77241,-74.735668,43.76041
-74.723668,43.78441,-74.735668,43.77241
-74.723668,43.79641,-74.735668,43.78441
-74.723668,43.80841,-74.735668,43.79641
-74.723668,43.82041,-74.735668,43.80841
-74.723668,43.83241,-74.735668,43.82041
-74.723668,43.844409999999996,-74.735668,43.832409999999996
-74.723668,43.85641,-74.735668,43.844409999999996
-74.723668,43.86841,-74.735668,43.85641
-74.723668,43.88041,-74.735668,43.86841
-74.723668,43.89241,-74.735668,43.88041
-74.723668,43.90441,-74.735668,43.89241
-74.723668,43.91641,-74.735668,43.90441
-74.723668,43.92841,-74.735668,43.91641
-74.723668,43.94041,-74.735668,43.92841
-74.723668,43.95241,-74.735668,43.94041
-74.723668,43.96441,-74.735668,43.95241
-74.723668,43.97641,-74.735668,43.96441
-74.723668,43.98841,-74.735668,43.97641
-74.723668,44.00041,-74.735668,43.98841
-74.723668,44.01241,-74.735668,44.00041
-74.723668,44.03641,-74.735668,44.024409999999996
-74.723668,44.04841,-74.735668,44.03641
-74.723668,44.06041,-74.735668,44.04841
-74.723668,44.07241,-74.735668,44.06041
-74.723668,44.08441,-74.735668,44.07241
-74.723668,44.09641,-74.735668,44.08441
-74.723668,44.10841,-74.735668,44.09641
-74.723668,44.12041,-74.735668,44.10841
-74.711668,43.73641,-74.723668,43.72441
-74.711668,43.74841,-74.723668,43.73641
-74.711668,43.76041,-74.723668,43.74841
-74.711668,43.77241,-74.723668,43.76041
-74.711668,43.78441,-74.723668,43.77241
-74.711668,43.79641,-74.723668,43.78441
-74.711668,43.80841,-74.723668,43.79641
-74.711668,43.82041,-74.723668,43.80841
-74.711668,43.83241,-74.723668,43.82041
-74.711668,43.844409999999996,-74.723668,43.832409999999996
-74.711668,43.85641,-74.723668,43.844409999999996
-74.711668,43.86841,-74.723668,43.85641
-74.711668,43.88041,-74.723668,43.86841
-74.711668,43.89241,-74.723668,43.88041
-74.711668,43.90441,-74.723668,43.89241
-74.711668,43.91641,-74.723668,43.90441
-74.711668,43.92841,-74.723668,43.91641
-74.711668,43.95241,-74.723668,43.94041
-74.711668,43.96441,-74.723668,43.95241
-74.711668,43.97641,-74.723668,43.96441
-74.711668,43.98841,-74.723668,43.97641
-74.711668,44.00041,-74.723668,43.98841
-74.711668,44.01241,-74.723668,44.00041
-74.711668,44.04841,-74.723668,44.03641
-74.711668,44.06041,-74.723668,44.04841
-74.711668,44.07241,-74.723668,44.06041
-74.711668,44.08441,-74.723668,44.07241
-74.711668,44.09641,-74.723668,44.08441
-74.711668,44.10841,-74.723668,44.09641
-74.711668,44.12041,-74.723668,44.10841
-74.699668,43.73641,-74.711668,43.72441
-74.699668,43.74841,-74.711668,43.73641
-74.699668,43.76041,-74.711668,43.74841
-74.699668,43.77241,-74.711668,43.76041
-74.699668,43.78441,-74.711668,43.77241
-74.699668,43.79641,-74.711668,43.78441
-74.699668,43.80841,-74.711668,43.79641
-74.699668,43.83241,-74.711668,43.82041
-74.699668,43.844409999999996,-74.711668,43.832409999999996
-74.699668,43.85641,-74.711668,43.844409999999996
-74.699668,43.86841,-74.711668,43.85641
-74.699668,43.88041,-74.711668,43.86841
-74.699668,43.89241,-74.711668,43.88041
-74.699668,43.90441,-74.711668,43.89241
-74.699668,43.91641,-74.711668,43.90441
-74.699668,43.92841,-74.711668,43.91641
-74.699668,43.95241,-74.711668,43.94041
-74.699668,43.96441,-74.711668,43.95241
-74.699668,43.97641,-74.711668,43.96441
-74.699668,43.98841,-74.711668,43.97641
-74.699668,44.00041,-74.711668,43.98841
-74.699668,44.01241,-74.711668,44.00041
-74.699668,44.02441,-74.711668,44.01241
-74.699668,44.04841,-74.711668,44.03641
-74.699668,44.06041,-74.711668,44.04841
-74.699668,44.07241,-74.711668,44.06041
-74.699668,44.09641,-74.711668,44.08441
-74.699668,44.10841,-74.711668,44.09641
-74.699668,44.12041,-74.711668,44.10841
-74.687668,43.73641,-74.699668,43.72441
-74.687668,43.74841,-74.699668,43.73641
-74.687668,43.76041,-74.699668,43.74841
-74.687668,43.77241,-74.699668,43.76041
-74.687668,43.78441,-74.699668,43.77241
-74.687668,43.79641,-74.699668,43.78441
-74.687668,43.80841,-74.699668,43.79641
-74.687668,43.844409999999996,-74.699668,43.832409999999996
-74.687668,43.85641,-74.699668,43.844409999999996
-74.687668,43.86841,-74.699668,43.85641
-74.687668,43.88041,-74.699668,43.86841
-74.687668,43.89241,-74.699668,43.88041
-74.687668,43.90441,-74.699668,43.89241
-74.687668,43.95241,-74.699668,43.94041
-74.687668,43.96441,-74.699668,43.95241
-74.687668,43.97641,-74.699668,43.96441
-74.687668,43.98841,-74.699668,43.97641
-74.687668,44.00041,-74.699668,43.98841
-74.687668,44.01241,-74.699668,44.00041
-74.687668,44.02441,-74.699668,44.01241
-74.687668,44.06041,-74.699668,44.04841
-74.687668,44.07241,-74.699668,44.06041
-74.687668,44.09641,-74.699668,44.08441
-74.687668,44.10841,-74.699668,44.09641
-74.687668,44.12041,-74.699668,44.10841
-74.675668,43.73641,-74.687668,43.72441
-74.675668,43.74841,-74.687668,43.73641
-74.675668,43.76041,-74.687668,43.74841
-74.675668,43.77241,-74.687668,43.76041
-74.675668,43.78441,-74.687668,43.77241
-74.675668,43.79641,-74.687668,43.78441
-74.675668,43.85641,-74.687668,43.844409999999996
-74.675668,43.86841,-74.687668,43.85641
-74.675668,43.88041,-74.687668,43.86841
-74.675668,43.89241,-74.687668,43.88041
-74.675668,43.90441,-74.687668,43.89241
-74.675668,43.94041,-74.687668,43.92841
-74.675668,43.95241,-74.687668,43.94041
-74.675668,43.96441,-74.687668,43.95241
-74.675668,43.97641,-74.687668,43.96441
-74.675668,43.98841,-74.687668,43.97641
-74.675668,44.00041,-74.687668,43.98841
-74.675668,44.01241,-74.687668,44.00041
-74.675668,44.02441,-74.687668,44.01241
-74.675668,44.03641,-74.687668,44.024409999999996
-74.675668,44.06041,-74.687668,44.04841
-74.675668,44.07241,-74.687668,44.06041
-74.675668,44.09641,-74.687668,44.08441
-74.675668,44.10841,-74.687668,44.09641
-74.675668,44.12041,-74.687668,44.10841
-74.663668,43.73641,-74.675668,43.72441
-74.663668,43.74841,-74.675668,43.73641
-74.663668,43.76041,-74.675668,43.74841
-74.663668,43.77241,-74.675668,43.76041
-74.663668,43.78441,-74.675668,43.77241
-74.663668,43.79641,-74.675668,43.78441
-74.663668,43.83241,-74.675668,43.82041
-74.663668,43.844409999999996,-74.675668,43.832409999999996
-74.663668,43.85641,-74.675668,43.844409999999996
-74.663668,43.86841,-74.675668,43.85641
-74.663668,43.88041,-74.675668,43.86841
-74.663668,43.92841,-74.675668,43.91641
-74.663668,43.94041,-74.675668,43.92841
-74.663668,43.95241,-74.675668,43.94041
-74.663668,43.96441,-74.675668,43.95241
-74.663668,43.97641,-74.675668,43.96441
-74.663668,43.98841,-74.675668,43.97641
-74.663668,44.00041,-74.675668,43.98841
-74.663668,44.01241,-74.675668,44.00041
-74.663668,44.02441,-74.675668,44.01241
-74.663668,44.03641,-74.675668,44.024409999999996
-74.663668,44.07241,-74.675668,44.06041
-74.663668,44.09641,-74.675668,44.08441
-74.663668,44.10841,-74.675668,44.09641
-74.663668,44.12041,-74.675668,44.10841
-74.651668,43.73641,-74.663668,43.72441
-74.651668,43.74841,-74.663668,43.73641
-74.651668,43.76041,-74.663668,43.74841
-74.651668,43.77241,-74.663668,43.76041
-74.651668,43.78441,-74.663668,43.77241
-74.651668,43.79641,-74.663668,43.78441
-74.651668,43.844409999999996,-74.663668,43.832409999999996
-74.651668,43.85641,-74.663668,43.844409999999996
-74.651668,43.86841,-74.663668,43.85641
-74.651668,43.90441,-74.663668,43.89241
-74.651668,43.91641,-74.663668,43.90441
-74.651668,43.92841,-74.663668,43.91641
-74.651668,43.94041,-74.663668,43.92841
-74.651668,43.95241,-74.663668,43.94041
-74.651668,43.96441,-74.663668,43.95241
-74.651668,43.97641,-74.663668,43.96441
-74.651668,43.98841,-74.663668,43.97641
-74.651668,44.00041,-74.663668,43.98841
-74.651668,44.01241,-74.663668,44.00041
-74.651668,44.02441,-74.663668,44.01241
-74.651668,44.03641,-74.663668,44.024409999999996
-74.651668,44.04841,-74.663668,44.03641
-74.651668,44.09641,-74.663668,44.08441
-74.651668,44.10841,-74.663668,44.09641
-74.651668,44.12041,-74.663668,44.10841
-74.639668,43.73641,-74.651668,43.72441
-74.639668,43.74841,-74.651668,43.73641
-74.639668,43.76041,-74.651668,43.74841
-74.639668,43.844409999999996,-74.651668,43.832409999999996
-74.639668,43.85641,-74.651668,43.844409999999996
-74.639668,43.86841,-74.651668,43.85641
-74.639668,43.90441,-74.651668,43.89241
-74.639668,43.91641,-74.651668,43.90441
-74.639668,43.92841,-74.651668,43.91641
-74.639668,43.94041,-74.651668,43.92841
-74.639668,43.95241,-74.651668,43.94041
-74.639668,43.96441,-74.651668,43.95241
-74.639668,43.97641,-74.651668,43.96441
-74.639668,43.98841,-74.651668,43.97641
-74.639668,44.00041,-74.651668,43.98841
-74.639668,44.01241,-74.651668,44.00041
-74.639668,44.02441,-74.651668,44.01241
-74.639668,44.03641,-74.651668,44.024409999999996
-74.639668,44.04841,-74.651668,44.03641
-74.639668,44.08441,-74.651668,44.07241
-74.639668,44.09641,-74.651668,44.08441
-74.639668,44.10841,-74.651668,44.09641
-74.639668,44.12041,-74.651668,44.10841
-74.627668,43.73641,-74.639668,43.72441
-74.627668,43.74841,-74.639668,43.73641
-74.627668,43.76041,-74.639668,43.74841
-74.627668,43.79641,-74.639668,43.78441
-74.627668,43.82041,-74.639668,43.80841
-74.627668,43.83241,-74.639668,43.82041
-74.627668,43.844409999999996,-74.639668,43.832409999999996
-74.627668,43.85641,-74.639668,43.844409999999996
-74.627668,43.86841,-74.639668,43.85641
-74.627668,43.89241,-74.639668,43.88041
-74.627668,43.90441,-74.639668,43.89241
-74.627668,43.91641,-74.639668,43.90441
-74.627668,43.92841,-74.639668,43.91641
-74.627668,43.94041,-74.639668,43.92841
-74.627668,43.95241,-74.639668,43.94041
-74.627668,43.96441,-74.639668,43.95241
-74.627668,43.97641,-74.639668,43.96441
-74.627668,43.98841,-74.639668,43.97641
-74.627668,44.00041,-74.639668,43.98841
-74.627668,44.01241,-74.639668,44.00041
-74.627668,44.02441,-74.639668,44.01241
-74.627668,44.03641,-74.639668,44.024409999999996
-74.627668,44.04841,-74.639668,44.03641
-74.627668,44.08441,-74.639668,44.07241
-74.627668,44.09641,-74.639668,44.08441
-74.627668,44.10841,-74.639668,44.09641
-74.627668,44.12041,-74.639668,44.10841
-74.615668,43.73641,-74.627668,43.72441
-74.615668,43.74841,-74.627668,43.73641
-74.615668,43.76041,-74.627668,43.74841
-74.615668,43.78441,-74.627668,43.77241
-74.615668,43.79641,-74.627668,43.78441
-74.615668,43.82041,-74.627668,43.80841
-74.615668,43.83241,-74.627668,43.82041
-74.615668,43.844409999999996,-74.627668,43.832409999999996
-74.615668,43.85641,-74.627668,43.844409999999996
-74.615668,43.86841,-74.627668,43.85641
-74.615668,43.89241,-74.627668,43.88041
-74.615668,43.90441,-74.627668,43.89241
-74.615668,43.91641,-74.627668,43.90441
-74.615668,43.92841,-74.627668,43.91641
-74.615668,43.94041,-74.627668,43.92841
-74.615668,43.95241,-74.627668,43.94041
-74.615668,43.96441,-74.627668,43.95241
-74.615668,43.97641,-74.627668,43.96441
-74.615668,43.98841,-74.627668,43.97641
-74.615668,44.00041,-74.627668,43.98841
-74.615668,44.01241,-74.627668,44.00041
-74.615668,44.02441,-74.627668,44.01241
-74.615668,44.03641,-74.627668,44.024409999999996
-74.615668,44.04841,-74.627668,44.03641
-74.615668,44.08441,-74.627668,44.07241
-74.615668,44.09641,-74.627668,44.08441
-74.615668,44.10841,-74.627668,44.09641
-74.615668,44.12041,-74.627668,44.10841
-74.603668,43.73641,-74.615668,43.72441
-74.603668,43.74841,-74.615668,43.73641
-74.603668,43.76041,-74.615668,43.74841
-74.603668,43.77241,-74.615668,43.76041
-74.603668,43.78441,-74.615668,43.77241
-74.603668,43.79641,-74.615668,43.78441
-74.603668,43.80841,-74.615668,43.79641
-74.603668,43.82041,-74.615668,43.80841
-74.603668,43.83241,-74.615668,43.82041
-74.603668,43.844409999999996,-74.615668,43.832409999999996
-74.603668,43.85641,-74.615668,43.844409999999996
-74.603668,43.86841,-74.615668,43.85641
-74.603668,43.90441,-74.615668,43.89241
-74.603668,43.91641,-74.615668,43.90441
-74.603668,43.92841,-74.615668,43.91641
-74.603668,43.94041,-74.615668,43.92841
-74.603668,43.95241,-74.615668,43.94041
-74.603668,43.96441,-74.615668,43.95241
-74.603668,43.97641,-74.615668,43.96441
-74.603668,43.98841,-74.615668,43.97641
-74.603668,44.00041,-74.615668,43.98841
-74.603668,44.01241,-74.615668,44.00041
-74.603668,44.02441,-74.615668,44.01241
-74.603668,44.03641,-74.615668,44.024409999999996
-74.603668,44.04841,-74.615668,44.03641
-74.603668,44.07241,-74.615668,44.06041
-74.603668,44.08441,-74.615668,44.07241
-74.603668,44.09641,-74.615668,44.08441
-74.603668,44.10841,-74.615668,44.09641
-74.603668,44.12041,-74.615668,44.10841
-74.591668,43.73641,-74.603668,43.72441
-74.591668,43.74841,-74.603668,43.73641
-74.591668,43.76041,-74.603668,43.74841
-74.591668,43.77241,-74.603668,43.76041
-74.591668,43.78441,-74.603668,43.77241
-74.591668,43.79641,-74.603668,43.78441
-74.591668,43.80841,-74.603668,43.79641
-74.591668,43.82041,-74.603668,43.80841
-74.591668,43.83241,-74.603668,43.82041
-74.591668,43.844409999999996,-74.603668,43.832409999999996
-74.591668,43.85641,-74.603668,43.844409999999996
-74.591668,43.86841,-74.603668,43.85641
-74.591668,43.88041,-74.603668,43.86841
-74.591668,43.91641,-74.603668,43.90441
-74.591668,43.92841,-74.603668,43.91641
-74.591668,43.94041,-74.603668,43.92841
-74.591668,43.95241,-74.603668,43.94041
-74.591668,43.96441,-74.603668,43.95241
-74.591668,43.97641,-74.603668,43.96441
-74.591668,43.98841,-74.603668,43.97641
-74.591668,44.00041,-74.603668,43.98841
-74.591668,44.01241,-74.603668,44.00041
-74.591668,44.02441,-74.603668,44.01241
-74.591668,44.04841,-74.603668,44.03641
-74.591668,44.07241,-74.603668,44.06041
-74.591668,44.08441,-74.603668,44.07241
-74.591668,44.09641,-74.603668,44.08441
-74.591668,44.10841,-74.603668,44.09641
-74.591668,44.12041,-74.603668,44.10841
-74.579668,43.73641,-74.591668,43.72441
-74.579668,43.74841,-74.591668,43.73641
-74.579668,43.76041,-74.591668,43.74841
-74.579668,43.77241,-74.591668,43.76041
-74.579668,43.78441,-74.591668,43.77241
-74.579668,43.79641,-74.591668,43.78441
-74.579668,43.80841,-74.591668,43.79641
-74.579668,43.82041,-74.591668,43.80841
-74.579668,43.83241,-74.591668,43.82041
-74.579668,43.844409999999996,-74.591668,43.832409999999996
-74.579668,43.85641,-74.591668,43.844409999999996
-74.579668,43.86841,-74.591668,43.85641
-74.579668,43.88041,-74.591668,43.86841
-74.579668,43.90441,-74.591668,43.89241
-74.579668,43.91641,-74.591668,43.90441
-74.579668,43.92841,-74.591668,43.91641
-74.579668,43.96441,-74.591668,43.95241
-74.579668,43.97641,-74.591668,43.96441
-74.579668,43.98841,-74.591668,43.97641
-74.579668,44.00041,-74.591668,43.98841
-74.579668,44.01241,-74.591668,44.00041
-74.579668,44.02441,-74.591668,44.01241
-74.579668,44.07241,-74.591668,44.06041
-74.579668,44.08441,-74.591668,44.07241
-74.579668,44.09641,-74.591668,44.08441
-74.579668,44.10841,-74.591668,44.09641
-74.579668,44.12041,-74.591668,44.10841
-74.567668,43.73641,-74.579668,43.72441
-74.567668,43.74841,-74.579668,43.73641
-74.567668,43.76041,-74.579668,43.74841
-74.567668,43.77241,-74.579668,43.76041
-74.567668,43.78441,-74.579668,43.77241
-74.567668,43.79641,-74.579668,43.78441
-74.567668,43.80841,-74.579668,43.79641
-74.567668,43.82041,-74.579668,43.80841
-74.567668,43.83241,-74.579668,43.82041
-74.567668,43.844409999999996,-74.579668,43.832409999999996
-74.567668,43.85641,-74.579668,43.844409999999996
-74.567668,43.86841,-74.579668,43.85641
-74.567668,43.88041,-74.579668,43.86841
-74.567668,43.89241,-74.579668,43.88041
-74.567668,43.90441,-74.579668,43.89241
-74.567668,43.91641,-74.579668,43.90441
-74.567668,43.92841,-74.579668,43.91641
-74.567668,43.94041,-74.579668,43.92841
-74.567668,43.97641,-74.579668,43.96441
-74.567668,43.98841,-74.579668,43.97641
-74.567668,44.00041,-74.579668,43.98841
-74.567668,44.01241,-74.579668,44.00041
-74.567668,44.02441,-74.579668,44.01241
-74.567668,44.03641,-74.579668,44.024409999999996
-74.567668,44.07241,-74.579668,44.06041
-74.567668,44.08441,-74.579668,44.07241
-74.567668,44.09641,-74.579668,44.08441
-74.567668,44.10841,-74.579668,44.09641
-74.567668,44.12041,-74.579668,44.10841
-74.555668,43.73641,-74.567668,43.72441
-74.555668,43.74841,-74.567668,43.73641
-74.555668,43.76041,-74.567668,43.74841
-74.555668,43.77241,-74.567668,43.76041
-74.555668,43.78441,-74.567668,43.77241
-74.555668,43.79641,-74.567668,43.78441
-74.555668,43.80841,-74.567668,43.79641
-74.555668,43.82041,-74.567668,43.80841
-74.555668,43.83241,-74.567668,43.82041
-74.555668,43.844409999999996,-74.567668,43.832409999999996
-74.555668,43.85641,-74.567668,43.844409999999996
-74.555668,43.86841,-74.567668,43.85641
-74.555668,43.88041,-74.567668,43.86841
-74.555668,43.89241,-74.567668,43.88041
-74.555668,43.90441,-74.567668,43.89241
-74.555668,43.91641,-74.567668,43.90441
-74.555668,43.92841,-74.567668,43.91641
-74.555668,43.94041,-74.567668,43.92841
-74.555668,43.95241,-74.567668,43.94041
-74.555668,44.01241,-74.567668,44.00041
-74.555668,44.02441,-74.567668,44.01241
-74.555668,44.03641,-74.567668,44.024409999999996
-74.555668,44.07241,-74.567668,44.06041
-74.555668,44.09641,-74.567668,44.08441
-74.555668,44.10841,-74.567668,44.09641
-74.555668,44.12041,-74.567668,44.10841
-74.543668,43.73641,-74.555668,43.72441
-74.543668,43.74841,-74.555668,43.73641
-74.543668,43.76041,-74.555668,43.74841
-74.543668,43.77241,-74.555668,43.76041
-74.543668,43.78441,-74.555668,43.77241
-74.543668,43.79641,-74.555668,43.78441
-74.543668,43.80841,-74.555668,43.79641
-74.543668,43.82041,-74.555668,43.80841
-74.543668,43.83241,-74.555668,43.82041
-74.543668,43.844409999999996,-74.555668,43.832409999999996
-74.543668,43.85641,-74.555668,43.844409999999996
-74.543668,43.86841,-74.555668,43.85641
-74.543668,43.88041,-74.555668,43.86841
-74.543668,43.89241,-74.555668,43.88041
-74.543668,43.90441,-74.555668,43.89241
-74.543668,43.91641,-74.555668,43.90441
-74.543668,43.92841,-74.555668,43.91641
-74.543668,43.94041,-74.555668,43.92841
-74.543668,43.95241,-74.555668,43.94041
-74.543668,43.96441,-74.555668,43.95241
-74.543668,43.97641,-74.555668,43.96441
-74.543668,44.01241,-74.555668,44.00041
-74.543668,44.02441,-74.555668,44.01241
-74.543668,44.03641,-74.555668,44.024409999999996
-74.543668,44.10841,-74.555668,44.09641
-74.543668,44.12041,-74.555668,44.10841
-74.531668,43.73641,-74.543668,43.72441
-74.531668,43.74841,-74.543668,43.73641
-74.531668,43.76041,-74.543668,43.74841
-74.531668,43.77241,-74.543668,43.76041
-74.531668,43.78441,-74.543668,43.77241
-74.531668,43.79641,-74.543668,43.78441
-74.531668,43.80841,-74.543668,43.79641
-74.531668,43.82041,-74.543668,43.80841
-74.531668,43.83241,-74.543668,43.82041
-74.531668,43.844409999999996,-74.543668,43.832409999999996
-74.531668,43.85641,-74.543668,43.844409999999996
-74.531668,43.86841,-74.543668,43.85641
-74.531668,43.88041,-74.543668,43.86841
-74.531668,43.89241,-74.543668,43.88041
-74.531668,43.90441,-74.543668,43.89241
-74.531668,43.91641,-74.543668,43.90441
-74.531668,43.92841,-74.543668,43.91641
-74.531668,43.94041,-74.543668,43.92841
-74.531668,43.95241,-74.543668,43.94041
-74.531668,43.96441,-74.543668,43.95241
-74.531668,43.97641,-74.543668,43.96441
-74.531668,43.98841,-74.543668,43.97641
-74.531668,44.01241,-74.543668,44.00041
-74.531668,44.02441,-74.543668,44.01241
-74.531668,44.03641,-74.543668,44.024409999999996
-74.531668,44.10841,-74.543668,44.09641
-74.531668,44.12041,-74.543668,44.10841
-74.519668,43.73641,-74.531668,43.72441
-74.519668,43.74841,-74.531668,43.73641
-74.519668,43.76041,-74.531668,43.74841
-74.519668,43.77241,-74.531668,43.76041
-74.519668,43.78441,-74.531668,43.77241
-74.519668,43.79641,-74.531668,43.78441
-74.519668,43.80841,-74.531668,43.79641
-74.519668,43.82041,-74.531668,43.80841
-74.519668,43.83241,-74.531668,43.82041
-74.519668,43.844409999999996,-74.531668,43.832409999999996
-74.519668,43.85641,-74.531668,43.844409999999996
-74.519668,43.86841,-74.531668,43.85641
-74.519668,43.88041,-74.531668,43.86841
-74.519668,43.89241,-74.531668,43.88041
-74.519668,43.90441,-74.531668,43.89241
-74.519668,43.91641,-74.531668,43.90441
-74.519668,43.92841,-74.531668,43.91641
-74.519668,43.94041,-74.531668,43.92841
-74.519668,43.95241,-74.531668,43.94041
-74.519668,43.96441,-74.531668,43.95241
-74.519668,43.97641,-74.531668,43.96441
-74.519668,43.98841,-74.531668,43.97641
-74.519668,44.01241,-74.531668,44.00041
-74.519668,44.02441,-74.531668,44.01241
-74.519668,44.12041,-74.531668,44.10841
-74.507668,43.73641,-74.519668,43.72441
-74.507668,43.74841,-74.519668,43.73641
-74.507668,43.76041,-74.519668,43.74841
-74.507668,43.77241,-74.519668,43.76041
-74.507668,43.78441,-74.519668,43.77241
-74.507668,43.79641,-74.519668,43.78441
-74.507668,43.80841,-74.519668,43.79641
-74.507668,43.82041,-74.519668,43.80841
-74.507668,43.83241,-74.519668,43.82041
-74.507668,43.844409999999996,-74.519668,43.832409999999996
-74.507668,43.85641,-74.519668,43.844409999999996
-74.507668,43.86841,-74.519668,43.85641
-74.507668,43.88041,-74.519668,43.86841
-74.507668,43.89241,-74.519668,43.88041
-74.507668,43.90441,-74.519668,43.89241
-74.507668,43.91641,-74.519668,43.90441
-74.507668,43.92841,-74.519668,43.91641
-74.507668,43.94041,-74.519668,43.92841
-74.507668,43.95241,-74.519668,43.94041
-74.507668,43.96441,-74.519668,43.95241
-74.507668,43.97641,-74.519668,43.96441
-74.507668,43.98841,-74.519668,43.97641
-74.507668,44.10841,-74.519668,44.09641
-74.507668,44.12041,-74.519668,44.10841
-74.495668,43.73641,-74.507668,43.72441
-74.495668,43.74841,-74.507668,43.73641
-74.495668,43.76041,-74.507668,43.74841
-74.495668,43.77241,-74.507668,43.76041
-74.495668,43.78441,-74.507668,43.77241
-74.495668,43.79641,-74.507668,43.78441
-74.495668,43.80841,-74.507668,43.79641
-74.495668,43.82041,-74.507668,43.80841
-74.495668,43.83241,-74.507668,43.82041
-74.495668,43.844409999999996,-74.507668,43.832409999999996
-74.495668,43.85641,-74.507668,43.844409999999996
-74.495668,43.86841,-74.507668,43.85641
-74.495668,43.88041,-74.507668,43.86841
-74.495668,43.89241,-74.507668,43.88041
-74.495668,43.90441,-74.507668,43.89241
-74.495668,43.91641,-74.507668,43.90441
-74.495668,43.92841,-74.507668,43.91641
-74.495668,43.94041,-74.507668,43.92841
-74.495668,43.95241,-74.507668,43.94041
-74.495668,43.96441,-74.507668,43.95241
-74.495668,43.97641,-74.507668,43.96441
-74.495668,43.98841,-74.507668,43.97641
-74.495668,44.00041,-74.507668,43.98841
-74.495668,44.04841,-74.507668,44.03641
-74.495668,44.06041,-74.507668,44.04841
-74.495668,44.07241,-74.507668,44.06041
-74.495668,44.08441,-74.507668,44.07241
-74.495668,44.09641,-74.507668,44.08441
-74.495668,44.10841,-74.507668,44.09641
-74.495668,44.12041,-74.507668,44.10841
-74.483668,43.73641,-74.495668,43.72441
-74.483668,43.74841,-74.495668,43.73641
-74.483668,43.76041,-74.495668,43.74841
-74.483668,43.77241,-74.495668,43.76041
-74.483668,43.78441,-74.495668,43.77241
-74.483668,43.79641,-74.495668,43.78441
-74.483668,43.80841,-74.495668,43.79641
-74.483668,43.82041,-74.495668,43.80841
-74.483668,43.83241,-74.495668,43.82041
-74.483668,43.844409999999996,-74.495668,43.832409999999996
-74.483668,43.85641,-74.495668,43.844409999999996
-74.483668,43.86841,-74.495668,43.85641
-74.483668,43.88041,-74.495668,43.86841
-74.483668,43.89241,-74.495668,43.88041
-74.483668,43.90441,-74.495668,43.89241
-74.483668,43.92841,-74.495668,43.91641
-74.483668,43.94041,-74.495668,43.92841
-74.483668,43.95241,-74.495668,43.94041
-74.483668,43.96441,-74.495668,43.95241
-74.483668,43.97641,-74.495668,43.96441
-74.483668,43.98841,-74.495668,43.97641
-74.483668,44.00041,-74.495668,43.98841
-74.483668,44.04841,-74.495668,44.03641
-74.483668,44.06041,-74.495668,44.04841
-74.483668,44.08441,-74.495668,44.07241
-74.483668,44.09641,-74.495668,44.08441
-74.483668,44.10841,-74.495668,44.09641
-74.483668,44.12041,-74.495668,44.10841
-74.471668,43.73641,-74.483668,43.72441
-74.471668,43.74841,-74.483668,43.73641
-74.471668,43.76041,-74.483668,43.74841
-74.471668,43.77241,-74.483668,43.76041
-74.471668,43.78441,-74.483668,43.77241
-74.471668,43.79641,-74.483668,43.78441
-74.471668,43.80841,-74.483668,43.79641
-74.471668,43.82041,-74.483668,43.80841
-74.471668,43.83241,-74.483668,43.82041
-74.471668,43.844409999999996,-74.483668,43.832409999999996
-74.471668,43.85641,-74.483668,43.844409999999996
-74.471668,43.86841,-74.483668,43.85641
-74.471668,43.88041,-74.483668,43.86841
-74.471668,43.89241,-74.483668,43.88041
-74.471668,43.90441,-74.483668,43.89241
-74.471668,43.94041,-74.483668,43.92841
-74.471668,43.95241,-74.483668,43.94041
-74.471668,43.96441,-74.483668,43.95241
-74.471668,43.97641,-74.483668,43.96441
-74.471668,43.98841,-74.483668,43.97641
-74.471668,44.02441,-74.483668,44.01241
-74.471668,44.04841,-74.483668,44.03641
-74.471668,44.06041,-74.483668,44.04841
-74.471668,44.08441,-74.483668,44.07241
-74.471668,44.09641,-74.483668,44.08441
-74.471668,44.10841,-74.483668,44.09641
-74.471668,44.12041,-74.483668,44.10841
-74.459668,43.73641,-74.471668,43.72441
-74.459668,43.74841,-74.471668,43.73641
-74.459668,43.76041,-74.471668,43.74841
-74.459668,43.77241,-74.471668,43.76041
-74.459668,43.78441,-74.471668,43.77241
-74.459668,43.79641,-74.471668,43.78441
-74.459668,43.80841,-74.471668,43.79641
-74.459668,43.82041,-74.471668,43.80841
-74.459668,43.83241,-74.471668,43.82041
-74.459668,43.844409999999996,-74.471668,43.832409999999996
-74.459668,43.85641,-74.471668,43.844409999999996
-74.459668,43.86841,-74.471668,43.85641
-74.459668,43.88041,-74.471668,43.86841
-74.459668,43.89241,-74.471668,43.88041
-74.459668,43.90441,-74.471668,43.89241
-74.459668,43.91641,-74.471668,43.90441
-74.459668,43.95241,-74.471668,43.94041
-74.459668,43.96441,-74.471668,43.95241
-74.459668,43.97641,-74.471668,43.96441
-74.459668,44.01241,-74.471668,44.00041
-74.459668,44.02441,-74.471668,44.01241
-74.459668,44.03641,-74.471668,44.024409999999996
-74.459668,44.04841,-74.471668,44.03641
-74.459668,44.06041,-74.471668,44.04841
-74.459668,44.08441,-74.471668,44.07241
-74.459668,44.09641,-74.471668,44.08441
-74.459668,44.10841,-74.471668,44.09641
-74.459668,44.12041,-74.471668,44.10841
-74.447668,43.73641,-74.459668,43.72441
-74.447668,43.74841,-74.459668,43.73641
-74.447668,43.76041,-74.459668,43.74841
-74.447668,43.77241,-74.459668,43.76041
-74.447668,43.78441,-74.459668,43.77241
-74.447668,43.79641,-74.459668,43.78441
-74.447668,43.80841,-74.459668,43.79641
-74.447668,43.82041,-74.459668,43.80841
-74.447668,43.83241,-74.459668,43.82041
-74.447668,43.844409999999996,-74.459668,43.832409999999996
-74.447668,43.85641,-74.459668,43.844409999999996
-74.447668,43.86841,-74.459668,43.85641
-74.447668,43.88041,-74.459668,43.86841
-74.447668,43.89241,-74.459668,43.88041
-74.447668,43.90441,-74.459668,43.89241
-74.447668,43.91641,-74.459668,43.90441
-74.447668,43.92841,-74.459668,43.91641
-74.447668,44.01241,-74.459668,44.00041
-74.447668,44.02441,-74.459668,44.01241
-74.447668,44.03641,-74.459668,44.024409999999996
-74.447668,44.04841,-74.459668,44.03641
-74.447668,44.06041,-74.459668,44.04841
-74.447668,44.08441,-74.459668,44.07241
-74.447668,44.09641,-74.459668,44.08441
-74.447668,44.10841,-74.459668,44.09641
-74.447668,44.12041,-74.459668,44.10841
-74.435668,43.73641,-74.44766800000001,43.72441
-74.435668,43.74841,-74.44766800000001,43.73641
-74.435668,43.76041,-74.44766800000001,43.74841
-74.435668,43.77241,-74.44766800000001,43.76041
-74.435668,43.78441,-74.44766800000001,43.77241
-74.435668,43.79641,-74.44766800000001,43.78441
-74.435668,43.80841,-74.44766800000001,43.79641
-74.435668,43.82041,-74.44766800000001,43.80841
-74.435668,43.83241,-74.44766800000001,43.82041
-74.435668,43.844409999999996,-74.44766800000001,43.832409999999996
-74.435668,43.85641,-74.44766800000001,43.844409999999996
-74.435668,43.86841,-74.44766800000001,43.85641
-74.435668,43.88041,-74.44766800000001,43.86841
-74.435668,43.89241,-74.44766800000001,43.88041
-74.435668,43.90441,-74.44766800000001,43.89241
-74.435668,44.00041,-74.44766800000001,43.98841
-74.435668,44.01241,-74.44766800000001,44.00041
-74.435668,44.02441,-74.44766800000001,44.01241
-74.435668,44.03641,-74.44766800000001,44.024409999999996
-74.435668,44.04841,-74.44766800000001,44.03641
-74.435668,44.06041,-74.44766800000001,44.04841
-74.435668,44.09641,-74.44766800000001,44.08441
-74.435668,44.10841,-74.44766800000001,44.09641
-74.435668,44.12041,-74.44766800000001,44.10841
-74.423668,43.73641,-74.435668,43.72441
-74.423668,43.74841,-74.435668,43.73641
-74.423668,43.76041,-74.435668,43.74841
-74.423668,43.77241,-74.435668,43.76041
-74.423668,43.78441,-74.435668,43.77241
-74.423668,43.79641,-74.435668,43.78441
-74.423668,43.80841,-74.435668,43.79641
-74.423668,43.82041,-74.435668,43.80841
-74.423668,43.83241,-74.435668,43.82041
-74.423668,43.844409999999996,-74.435668,43.832409999999996
-74.423668,43.85641,-74.435668,43.844409999999996
-74.423668,43.86841,-74.435668,43.85641
-74.423668,43.88041,-74.435668,43.86841
-74.423668,43.89241,-74.435668,43.88041
-74.423668,43.90441,-74.435668,43.89241
-74.423668,43.91641,-74.435668,43.90441
-74.423668,43.92841,-74.435668,43.91641
-74.423668,43.94041,-74.435668,43.92841
-74.423668,43.95241,-74.435668,43.94041
-74.423668,44.01241,-74.435668,44.00041
-74.423668,44.02441,-74.435668,44.01241
-74.423668,44.03641,-74.435668,44.024409999999996
-74.423668,44.04841,-74.435668,44.03641
-74.423668,44.06041,-74.435668,44.04841
-74.423668,44.07241,-74.435668,44.06041
-74.423668,44.09641,-74.435668,44.08441
-74.423668,44.10841,-74.435668,44.09641
-74.423668,44.12041,-74.435668,44.10841
-74.411668,43.73641,-74.423668,43.72441
-74.411668,43.74841,-74.423668,43.73641
-74.411668,43.76041,-74.423668,43.74841
-74.411668,43.77241,-74.423668,43.76041
-74.411668,43.78441,-74.423668,43.77241
-74.411668,43.79641,-74.423668,43.78441
-74.411668,43.80841,-74.423668,43.79641
-74.411668,43.82041,-74.423668,43.80841
-74.411668,43.83241,-74.423668,43.82041
-74.411668,43.844409999999996,-74.423668,43.832409999999996
-74.411668,43.85641,-74.423668,43.844409999999996
-74.411668,43.86841,-74.423668,43.85641
-74.411668,43.88041,-74.423668,43.86841
-74.411668,43.89241,-74.423668,43.88041
-74.411668,43.90441,-74.423668,43.89241
-74.411668,43.91641,-74.423668,43.90441
-74.411668,43.92841,-74.423668,43.91641
-74.411668,43.94041,-74.423668,43.92841
-74.411668,43.95241,-74.423668,43.94041
-74.411668,43.96441,-74.423668,43.95241
-74.411668,44.03641,-74.423668,44.024409999999996
-74.411668,44.04841,-74.423668,44.03641
-74.411668,44.06041,-74.423668,44.04841
-74.411668,44.07241,-74.423668,44.06041
-74.411668,44.09641,-74.423668,44.08441
-74.411668,44.10841,-74.423668,44.09641
-74.411668,44.12041,-74.423668,44.10841
-74.399668,43.73641,-74.411668,43.72441
-74.399668,43.74841,-74.411668,43.73641
-74.399668,43.76041,-74.411668,43.74841
-74.399668,43.77241,-74.411668,43.76041
-74.399668,43.78441,-74.411668,43.77241
-74.399668,43.79641,-74.411668,43.78441
-74.399668,43.80841,-74.411668,43.79641
-74.399668,43.82041,-74.411668,43.80841
-74.399668,43.83241,-74.411668,43.82041
-74.399668,43.844409999999996,-74.411668,43.832409999999996
-74.399668,43.85641,-74.411668,43.844409999999996
-74.399668,43.86841,-74.411668,43.85641
-74.399668,43.88041,-74.411668,43.86841
-74.399668,43.89241,-74.411668,43.88041
-74.399668,43.90441,-74.411668,43.89241
-74.399668,43.91641,-74.411668,43.90441
-74.399668,43.92841,-74.411668,43.91641
-74.399668,43.94041,-74.411668,43.92841
-74.399668,43.95241,-74.411668,43.94041
-74.399668,43.96441,-74.411668,43.95241
-74.399668,44.03641,-74.411668,44.024409999999996
-74.399668,44.04841,-74.411668,44.03641
-74.399668,44.06041,-74.411668,44.04841
-74.399668,44.07241,-74.411668,44.06041
-74.399668,44.08441,-74.411668,44.07241
-74.399668,44.09641,-74.411668,44.08441
-74.399668,44.10841,-74.411668,44.09641
-74.399668,44.12041,-74.411668,44.10841
-74.387668,43.73641,-74.399668,43.72441
-74.387668,43.74841,-74.399668,43.73641
-74.387668,43.76041,-74.399668,43.74841
-74.387668,43.77241,-74.399668,43.76041
-74.387668,43.78441,-74.399668,43.77241
-74.387668,43.79641,-74.399668,43.78441
-74.387668,43.80841,-74.399668,43.79641
-74.387668,43.82041,-74.399668,43.80841
-74.387668,43.83241,-74.399668,43.82041
-74.387668,43.844409999999996,-74.399668,43.832409999999996
-74.387668,43.85641,-74.399668,43.844409999999996
-74.387668,43.86841,-74.399668,43.85641
-74.387668,43.88041,-74.399668,43.86841
-74.387668,43.89241,-74.399668,43.88041
-74.387668,43.90441,-74.399668,43.89241
-74.387668,43.91641,-74.399668,43.90441
-74.387668,43.92841,-74.399668,43.91641
-74.387668,43.94041,-74.399668,43.92841
-74.387668,43.95241,-74.399668,43.94041
-74.387668,43.96441,-74.399668,43.95241
-74.387668,44.00041,-74.399668,43.98841
-74.387668,44.04841,-74.399668,44.03641
-74.387668,44.06041,-74.399668,44.04841
-74.387668,44.08441,-74.399668,44.07241
-74.387668,44.09641,-74.399668,44.08441
-74.387668,44.10841,-74.399668,44.09641
-74.387668,44.12041,-74.399668,44.10841
-74.375668,43.73641,-74.387668,43.72441
-74.375668,43.74841,-74.387668,43.73641
-74.375668,43.76041,-74.387668,43.74841
-74.375668,43.77241,-74.387668,43.76041
-74.375668,43.78441,-74.387668,43.77241
-74.375668,43.79641,-74.387668,43.78441
-74.375668,43.80841,-74.387668,43.79641
-74.375668,43.82041,-74.387668,43.80841
-74.375668,43.83241,-74.387668,43.82041
-74.375668,43.844409999999996,-74.387668,43.832409999999996
-74.375668,43.85641,-74.387668,43.844409999999996
-74.375668,43.86841,-74.387668,43.85641
-74.375668,43.88041,-74.387668,43.86841
-74.375668,43.89241,-74.387668,43.88041
-74.375668,43.90441,-74.387668,43.89241
-74.375668,43.91641,-74.387668,43.90441
-74.375668,43.92841,-74.387668,43.91641
-74.375668,43.94041,-74.387668,43.92841
-74.375668,43.95241,-74.387668,43.94041
-74.375668,43.96441,-74.387668,43.95241
-74.375668,44.00041,-74.387668,43.98841
-74.375668,44.01241,-74.387668,44.00041
-74.375668,44.02441,-74.387668,44.01241
-74.375668,44.06041,-74.387668,44.04841
-74.375668,44.09641,-74.387668,44.08441
-74.375668,44.10841,-74.387668,44.09641
-74.375668,44.12041,-74.387668,44.10841
-74.363668,43.73641,-74.375668,43.72441
-74.363668,43.74841,-74.375668,43.73641
-74.363668,43.76041,-74.375668,43.74841
-74.363668,43.77241,-74.375668,43.76041
-74.363668,43.78441,-74.375668,43.77241
-74.363668,43.79641,-74.375668,43.78441
-74.363668,43.80841,-74.375668,43.79641
-74.363668,43.82041,-74.375668,43.80841
-74.363668,43.83241,-74.375668,43.82041
-74.363668,43.844409999999996,-74.375668,43.832409999999996
-74.363668,43.85641,-74.375668,43.844409999999996
-74.363668,43.86841,-74.375668,43.85641
-74.363668,43.88041,-74.375668,43.86841
-74.363668,43.89241,-74.375668,43.88041
-74.363668,43.90441,-74.375668,43.89241
-74.363668,43.91641,-74.375668,43.90441
-74.363668,43.92841,-74.375668,43.91641
-74.363668,43.94041,-74.375668,43.92841
-74.363668,43.95241,-74.375668,43.94041
-74.363668,43.96441,-74.375668,43.95241
-74.363668,43.97641,-74.375668,43.96441
-74.363668,44.00041,-74.375668,43.98841
-74.363668,44.01241,-74.375668,44.00041
-74.363668,44.02441,-74.375668,44.01241
-74.363668,44.03641,-74.375668,44.024409999999996
-74.363668,44.07241,-74.375668,44.06041
-74.363668,44.09641,-74.375668,44.08441
-74.363668,44.10841,-74.375668,44.09641
-74.363668,44.12041,-74.375668,44.10841
-74.351668,43.73641,-74.363668,43.72441
-74.351668,43.74841,-74.363668,43.73641
-74.351668,43.76041,-74.363668,43.74841
-74.351668,43.77241,-74.363668,43.76041
-74.351668,43.78441,-74.363668,43.77241
-74.351668,43.79641,-74.363668,43.78441
-74.351668,43.80841,-74.363668,43.79641
-74.351668,43.82041,-74.363668,43.80841
-74.351668,43.83241,-74.363668,43.82041
-74.351668,43.844409999999996,-74.363668,43.832409999999996
-74.351668,43.85641,-74.363668,43.844409999999996
-74.351668,43.86841,-74.363668,43.85641
-74.351668,43.88041,-74.363668,43.86841
-74.351668,43.89241,-74.363668,43.88041
-74.351668,43.90441,-74.363668,43.89241
-74.351668,43.91641,-74.363668,43.90441
-74.351668,43.92841,-74.363668,43.91641
-74.351668,43.94041,-74.363668,43.92841
-74.351668,43.95241,-74.363668,43.94041
-74.351668,43.96441,-74.363668,43.95241
-74.351668,44.00041,-74.363668,43.98841
-74.351668,44.01241,-74.363668,44.00041
-74.351668,44.02441,-74.363668,44.01241
-74.351668,44.03641,-74.363668,44.024409999999996
-74.351668,44.04841,-74.363668,44.03641
-74.351668,44.09641,-74.363668,44.08441
-74.351668,44.10841,-74.363668,44.09641
-74.351668,44.12041,-74.363668,44.10841
-74.339668,43.73641,-74.351668,43.72441
-74.339668,43.74841,-74.351668,43.73641
-74.339668,43.76041,-74.351668,43.74841
-74.339668,43.77241,-74.351668,43.76041
-74.339668,43.78441,-74.351668,43.77241
-74.339668,43.79641,-74.351668,43.78441
-74.339668,43.80841,-74.351668,43.79641
-74.339668,43.82041,-74.351668,43.80841
-74.339668,43.83241,-74.351668,43.82041
-74.339668,43.844409999999996,-74.351668,43.832409999999996
-74.339668,43.85641,-74.351668,43.844409999999996
-74.339668,43.86841,-74.351668,43.85641
-74.339668,43.88041,-74.351668,43.86841
-74.339668,43.89241,-74.351668,43.88041
-74.339668,43.90441,-74.351668,43.89241
-74.339668,43.91641,-74.351668,43.90441
-74.339668,43.92841,-74.351668,43.91641
-74.339668,43.94041,-74.351668,43.92841
-74.339668,43.95241,-74.351668,43.94041
-74.339668,43.96441,-74.351668,43.95241
-74.339668,43.97641,-74.351668,43.96441
-74.339668,44.00041,-74.351668,43.98841
-74.339668,44.01241,-74.351668,44.00041
-74.339668,44.02441,-74.351668,44.01241
-74.339668,44.03641,-74.351668,44.024409999999996
-74.339668,44.04841,-74.351668,44.03641
-74.339668,44.06041,-74.351668,44.04841
-74.339668,44.08441,-74.351668,44.07241
-74.339668,44.09641,-74.351668,44.08441
-74.339668,44.10841,-74.351668,44.09641
-74.339668,44.12041,-74.351668,44.10841
-74.327668,43.73641,-74.339668,43.72441
-74.327668,43.74841,-74.339668,43.73641
-74.327668,43.76041,-74.339668,43.74841
-74.327668,43.77241,-74.339668,43.76041
-74.327668,43.78441,-74.339668,43.77241
-74.327668,43.79641,-74.339668,43.78441
-74.327668,43.80841,-74.339668,43.79641
-74.327668,43.82041,-74.339668,43.80841
-74.327668,43.83241,-74.339668,43.82041
-74.327668,43.844409999999996,-74.339668,43.832409999999996
-74.327668,43.85641,-74.339668,43.844409999999996
-74.327668,43.86841,-74.339668,43.85641
-74.327668,43.88041,-74.339668,43.86841
-74.327668,43.89241,-74.339668,43.88041
-74.327668,43.90441,-74.339668,43.89241
-74.327668,43.91641,-74.339668,43.90441
-74.327668,43.92841,-74.339668,43.91641
-74.327668,43.94041,-74.339668,43.92841
-74.327668,43.95241,-74.339668,43.94041
-74.327668,43.96441,-74.339668,43.95241
-74.327668,43.97641,-74.339668,43.96441
-74.327668,44.00041,-74.339668,43.98841
-74.327668,44.01241,-74.339668,44.00041
-74.327668,44.02441,-74.339668,44.01241
-74.327668,44.03641,-74.339668,44.024409999999996
-74.327668,44.04841,-74.339668,44.03641
-74.327668,44.06041,-74.339668,44.04841
-74.327668,44.07241,-74.339668,44.06041
-74.327668,44.08441,-74.339668,44.07241
-74.327668,44.09641,-74.339668,44.08441
-74.327668,44.10841,-74.339668,44.09641
-74.327668,44.12041,-74.339668,44.10841
-74.315668,43.73641,-74.327668,43.72441
-74.315668,43.74841,-74.327668,43.73641
-74.315668,43.76041,-74.327668,43.74841
-74.315668,43.77241,-74.327668,43.76041
-74.315668,43.78441,-74.327668,43.77241
-74.315668,43.79641,-74.327668,43.78441
-74.315668,43.80841,-74.327668,43.79641
-74.315668,43.82041,-74.327668,43.80841
-74.315668,43.83241,-74.327668,43.82041
-74.315668,43.844409999999996,-74.327668,43.832409999999996
-74.315668,43.85641,-74.327668,43.844409999999996
-74.315668,43.86841,-74.327668,43.85641
-74.315668,43.88041,-74.327668,43.86841
-74.315668,43.89241,-74.327668,43.88041
-74.315668,43.90441,-74.327668,43.89241
-74.315668,43.91641,-74.327668,43.90441
-74.315668,43.92841,-74.327668,43.91641
-74.315668,43.94041,-74.327668,43.92841
-74.315668,43.95241,-74.327668,43.94041
-74.315668,43.96441,-74.327668,43.95241
-74.315668,43.97641,-74.327668,43.96441
-74.315668,44.00041,-74.327668,43.98841
-74.315668,44.01241,-74.327668,44.00041
-74.315668,44.02441,-74.327668,44.01241
-74.315668,44.03641,-74.327668,44.024409999999996
-74.315668,44.04841,-74.327668,44.03641
-74.315668,44.06041,-74.327668,44.04841
-74.315668,44.07241,-74.327668,44.06041
-74.315668,44.08441,-74.327668,44.07241
-74.315668,44.09641,-74.327668,44.08441
-74.315668,44.10841,-74.327668,44.09641
-74.315668,44.12041,-74.327668,44.10841
-74.303668,43.73641,-74.315668,43.72441
-74.303668,43.74841,-74.315668,43.73641
-74.303668,43.76041,-74.315668,43.74841
-74.303668,43.77241,-74.315668,43.76041
-74.303668,43.78441,-74.315668,43.77241
-74.303668,43.79641,-74.315668,43.78441
-74.303668,43.80841,-74.315668,43.79641
-74.303668,43.82041,-74.315668,43.80841
-74.303668,43.83241,-74.315668,43.82041
-74.303668,43.844409999999996,-74.315668,43.832409999999996
-74.303668,43.85641,-74.315668,43.844409999999996
-74.303668,43.86841,-74.315668,43.85641
-74.303668,43.88041,-74.315668,43.86841
-74.303668,43.89241,-74.315668,43.88041
-74.303668,43.90441,-74.315668,43.89241
-74.303668,43.91641,-74.315668,43.90441
-74.303668,43.92841,-74.315668,43.91641
-74.303668,43.94041,-74.315668,43.92841
-74.303668,43.95241,-74.315668,43.94041
-74.303668,43.96441,-74.315668,43.95241
-74.303668,43.97641,-74.315668,43.96441
-74.303668,44.00041,-74.315668,43.98841
-74.303668,44.01241,-74.315668,44.00041
-74.303668,44.02441,-74.315668,44.01241
-74.303668,44.03641,-74.315668,44.024409999999996
-74.303668,44.04841,-74.315668,44.03641
-74.303668,44.06041,-74.315668,44.04841
-74.303668,44.07241,-74.315668,44.06041
-74.303668,44.08441,-74.315668,44.07241
-74.303668,44.09641,-74.315668,44.08441
-74.303668,44.10841,-74.315668,44.09641
-74.303668,44.12041,-74.315668,44.10841
-74.291668,43.73641,-74.303668,43.72441
-74.291668,43.74841,-74.303668,43.73641
-74.291668,43.76041,-74.303668,43.74841
-74.291668,43.77241,-74.303668,43.76041
-74.291668,43.78441,-74.303668,43.77241
-74.291668,43.79641,-74.303668,43.78441
-74.291668,43.80841,-74.303668,43.79641
-74.291668,43.82041,-74.303668,43.80841
-74.291668,43.83241,-74.303668,43.82041
-74.291668,43.844409999999996,-74.303668,43.832409999999996
-74.291668,43.85641,-74.303668,43.844409999999996
-74.291668,43.86841,-74.303668,43.85641
-74.291668,43.88041,-74.303668,43.86841
-74.291668,43.89241,-74.303668,43.88041
-74.291668,43.90441,-74.303668,43.89241
-74.291668,43.91641,-74.303668,43.90441
-74.291668,43.92841,-74.303668,43.91641
-74.291668,43.94041,-74.303668,43.92841
-74.291668,43.95241,-74.303668,43.94041
-74.291668,43.96441,-74.303668,43.95241
-74.291668,43.97641,-74.303668,43.96441
-74.291668,44.00041,-74.303668,43.98841
-74.291668,44.01241,-74.303668,44.00041
-74.291668,44.02441,-74.303668,44.01241
-74.291668,44.03641,-74.303668,44.024409999999996
-74.291668,44.04841,-74.303668,44.03641
-74.291668,44.06041,-74.303668,44.04841
-74.291668,44.07241,-74.303668,44.06041
-74.291668,44.08441,-74.303668,44.07241
-74.291668,44.09641,-74.303668,44.08441
-74.291668,44.10841,-74.303668,44.09641
-74.291668,44.12041,-74.303668,44.10841
-74.279668,43.73641,-74.291668,43.72441
-74.279668,43.74841,-74.291668,43.73641
-74.279668,43.76041,-74.291668,43.74841
-74.279668,43.77241,-74.291668,43.76041
-74.279668,43.78441,-74.291668,43.77241
-74.279668,43.79641,-74.291668,43.78441
-74.279668,43.80841,-74.291668,43.79641
-74.279668,43.82041,-74.291668,43.80841
-74.279668,43.83241,-74.291668,43.82041
-74.279668,43.844409999999996,-74.291668,43.832409999999996
-74.279668,43.85641,-74.291668,43.844409999999996
-74.279668,43.86841,-74.291668,43.85641
-74.279668,43.88041,-74.291668,43.86841
-74.279668,43.89241,-74.291668,43.88041
-74.279668,43.90441,-74.291668,43.89241
-74.279668,43.91641,-74.291668,43.90441
-74.279668,43.92841,-74.291668,43.91641
-74.279668,43.94041,-74.291668,43.92841
-74.279668,43.95241,-74.291668,43.94041
-74.279668,43.96441,-74.291668,43.95241
-74.279668,43.97641,-74.291668,43.96441
-74.279668,44.00041,-74.291668,43.98841
-74.279668,44.01241,-74.291668,44.00041
-74.279668,44.02441,-74.291668,44.01241
-74.279668,44.03641,-74.291668,44.024409999999996
-74.279668,44.04841,-74.291668,44.03641
-74.279668,44.06041,-74.291668,44.04841
-74.279668,44.07241,-74.291668,44.06041
-74.279668,44.08441,-74.291668,44.07241
-74.279668,44.09641,-74.291668,44.08441
-74.279668,44.10841,-74.291668,44.09641
-74.279668,44.12041,-74.291668,44.10841
-74.267668,43.73641,-74.279668,43.72441
-74.267668,43.74841,-74.279668,43.73641
-74.267668,43.76041,-74.279668,43.74841
-74.267668,43.77241,-74.279668,43.76041
-74.267668,43.78441,-74.279668,43.77241
-74.267668,43.79641,-74.279668,43.78441
-74.267668,43.80841,-74.279668,43.79641
-74.267668,43.82041,-74.279668,43.80841
-74.267668,43.83241,-74.279668,43.82041
-74.267668,43.844409999999996,-74.279668,43.832409999999996
-74.267668,43.85641,-74.279668,43.844409999999996
-74.267668,43.86841,-74.279668,43.85641
-74.267668,43.88041,-74.279668,43.86841
-74.267668,43.89241,-74.279668,43.88041
-74.267668,43.90441,-74.279668,43.89241
-74.267668,43.91641,-74.279668,43.90441
-74.267668,43.92841,-74.279668,43.91641
-74.267668,43.94041,-74.279668,43.92841
-74.267668,43.95241,-74.279668,43.94041
-74.267668,44.00041,-74.279668,43.98841
-74.267668,44.01241,-74.279668,44.00041
-74.267668,44.02441,-74.279668,44.01241
-74.267668,44.03641,-74.279668,44.024409999999996
-74.267668,44.04841,-74.279668,44.03641
-74.267668,44.06041,-74.279668,44.04841
-74.267668,44.07241,-74.279668,44.06041
-74.267668,44.08441,-74.279668,44.07241
-74.267668,44.09641,-74.279668,44.08441
-74.267668,44.10841,-74.279668,44.09641
-74.267668,44.12041,-74.279668,44.10841
-74.255668,43.73641,-74.267668,43.72441
-74.255668,43.74841,-74.267668,43.73641
-74.255668,43.76041,-74.267668,43.74841
-74.255668,43.77241,-74.267668,43.76041
-74.255668,43.78441,-74.267668,43.77241
-74.255668,43.79641,-74.267668,43.78441
-74.255668,43.80841,-74.267668,43.79641
-74.255668,43.82041,-74.267668,43.80841
-74.255668,43.83241,-74.267668,43.82041
-74.255668,43.844409999999996,-74.267668,43.832409999999996
-74.255668,43.85641,-74.267668,43.844409999999996
-74.255668,43.86841,-74.267668,43.85641
-74.255668,43.88041,-74.267668,43.86841
-74.255668,43.89241,-74.267668,43.88041
-74.255668,43.90441,-74.267668,43.89241
-74.255668,43.91641,-74.267668,43.90441
-74.255668,43.92841,-74.267668,43.91641
-74.255668,43.94041,-74.267668,43.92841
-74.255668,43.95241,-74.267668,43.94041
-74.255668,43.96441,-74.267668,43.95241
-74.255668,43.98841,-74.267668,43.97641
-74.255668,44.02441,-74.267668,44.01241
-74.255668,44.03641,-74.267668,44.024409999999996
-74.255668,44.04841,-74.267668,44.03641
-74.255668,44.06041,-74.267668,44.04841
-74.255668,44.07241,-74.267668,44.06041
-74.255668,44.08441,-74.267668,44.07241
-74.255668,44.09641,-74.267668,44.08441
-74.255668,44.10841,-74.267668,44.09641
-74.255668,44.12041,-74.267668,44.10841
