-79.422214699999998,43.8065146,-79.434214699999998,43.794514599999999
-79.422214699999998,43.8185146,-79.434214699999998,43.8065146
-79.422214699999998,43.830514600000001,-79.434214699999998,43.8185146
-79.422214699999998,43.842514600000001,-79.434214699999998,43.830514600000001
-79.422214699999998,43.854514600000002,-79.434214699999998,43.842514600000001
-79.422214699999998,43.866514600000002,-79.434214699999998,43.854514600000002
-79.422214699999998,43.878514599999995,-79.434214699999998,43.866514599999995
-79.422214699999998,43.890514599999996,-79.434214699999998,43.878514599999995
-79.422214699999998,43.902514599999996,-79.434214699999998,43.890514599999996
-79.422214699999998,43.914514599999997,-79.434214699999998,43.902514599999996
-79.422214699999998,43.926514599999997,-79.434214699999998,43.914514599999997
-79.422214699999998,43.938514599999998,-79.434214699999998,43.926514599999997
-79.422214699999998,43.950514599999998,-79.434214699999998,43.938514599999998
-79.422214699999998,43.962514599999999,-79.434214699999998,43.950514599999998
-79.410214699999997,43.8065146,-79.422214699999998,43.794514599999999
-79.410214699999997,43.8185146,-79.422214699999998,43.8065146
-79.410214699999997,43.830514600000001,-79.422214699999998,43.8185146
-79.410214699999997,43.842514600000001,-79.422214699999998,43.830514600000001
-79.410214699999997,43.854514600000002,-79.422214699999998,43.842514600000001
-79.410214699999997,43.866514600000002,-79.422214699999998,43.854514600000002
-79.410214699999997,43.878514599999995,-79.422214699999998,43.866514599999995
-79.410214699999997,43.890514599999996,-79.422214699999998,43.878514599999995
-79.410214699999997,43.902514599999996,-79.422214699999998,43.890514599999996
-79.410214699999997,43.914514599999997,-79.422214699999998,43.902514599999996
-79.410214699999997,43.926514599999997,-79.422214699999998,43.914514599999997
-79.410214699999997,43.938514599999998,-79.422214699999998,43.926514599999997
-79.410214699999997,43.950514599999998,-79.422214699999998,43.938514599999998
-79.410214699999997,43.962514599999999,-79.422214699999998,43.950514599999998
-79.398214699999997,43.8065146,-79.410214699999997,43.794514599999999
-79.398214699999997,43.830514600000001,-79.410214699999997,43.8185146
-79.398214699999997,43.854514600000002,-79.410214699999997,43.842514600000001
-79.398214699999997,43.866514600000002,-79.410214699999997,43.854514600000002
-79.398214699999997,43.878514599999995,-79.410214699999997,43.866514599999995
-79.398214699999997,43.890514599999996,-79.410214699999997,43.878514599999995
-79.398214699999997,43.902514599999996,-79.410214699999997,43.890514599999996
-79.398214699999997,43.914514599999997,-79.410214699999997,43.902514599999996
-79.398214699999997,43.926514599999997,-79.410214699999997,43.914514599999997
-79.398214699999997,43.938514599999998,-79.410214699999997,43.926514599999997
-79.398214699999997,43.950514599999998,-79.410214699999997,43.938514599999998
-79.398214699999997,43.962514599999999,-79.410214699999997,43.950514599999998
-79.386214699999996,43.8065146,-79.398214699999997,43.794514599999999
-79.386214699999996,43.830514600000001,-79.398214699999997,43.8185146
-79.386214699999996,43.854514600000002,-79.398214699999997,43.842514600000001
-79.386214699999996,43.866514600000002,-79.398214699999997,43.854514600000002
-79.386214699999996,43.878514599999995,-79.398214699999997,43.866514599999995
-79.386214699999996,43.890514599999996,-79.398214699999997,43.878514599999995
-79.386214699999996,43.902514599999996,-79.398214699999997,43.890514599999996
-79.386214699999996,43.914514599999997,-79.398214699999997,43.902514599999996
-79.386214699999996,43.938514599999998,-79.398214699999997,43.926514599999997
-79.386214699999996,43.950514599999998,-79.398214699999997,43.938514599999998
-79.386214699999996,43.962514599999999,-79.398214699999997,43.950514599999998
-79.385643283333337,43.962514599999999,-79.428729000000004,43.921395724999996
-79.374214699999996,43.8065146,-79.386214699999996,43.794514599999999
-79.374214699999996,43.8185146,-79.386214699999996,43.8065146
-79.374214699999996,43.830514600000001,-79.386214699999996,43.8185146
-79.374214699999996,43.842514600000001,-79.386214699999996,43.830514600000001
-79.374214699999996,43.938514599999998,-79.386214699999996,43.926514599999997
-79.374214699999996,43.950514599999998,-79.386214699999996,43.938514599999998
-79.374214699999996,43.962514599999999,-79.386214699999996,43.950514599999998
-79.362214699999996,43.8065146,-79.374214699999996,43.794514599999999
-79.362214699999996,43.8185146,-79.374214699999996,43.8065146
-79.362214699999996,43.830514600000001,-79.374214699999996,43.8185146
-79.362214699999996,43.938514599999998,-79.374214699999996,43.926514599999997
-79.362214699999996,43.950514599999998,-79.374214699999996,43.938514599999998
-79.362214699999996,43.962514599999999,-79.374214699999996,43.950514599999998
-79.350214700000009,43.8065146,-79.36221470000001,43.794514599999999
-79.350214700000009,43.8185146,-79.36221470000001,43.8065146
-79.350214700000009,43.950514599999998,-79.36221470000001,43.938514599999998
-79.350214700000009,43.962514599999999,-79.36221470000001,43.950514599999998
-79.338214700000009,43.8065146,-79.350214700000009,43.794514599999999
-79.338214700000009,43.950514599999998,-79.350214700000009,43.938514599999998
-79.338214700000009,43.962514599999999,-79.350214700000009,43.950514599999998
-79.326214700000008,43.8065146,-79.338214700000009,43.794514599999999
-79.326214700000008,43.950514599999998,-79.338214700000009,43.938514599999998
-79.326214700000008,43.962514599999999,-79.338214700000009,43.950514599999998
-79.314214700000008,43.8065146,-79.326214700000008,43.794514599999999
-79.314214700000008,43.8185146,-79.326214700000008,43.8065146
-79.314214700000008,43.950514599999998,-79.326214700000008,43.938514599999998
-79.314214700000008,43.962514599999999,-79.326214700000008,43.950514599999998
-79.302214700000007,43.8065146,-79.314214700000008,43.794514599999999
-79.302214700000007,43.8185146,-79.314214700000008,43.8065146
-79.302214700000007,43.914514599999997,-79.314214700000008,43.902514599999996
-79.302214700000007,43.962514599999999,-79.314214700000008,43.950514599999998
-79.299471850000003,43.818598537499994,-79.321014708333337,43.798039099999997
-79.290214700000007,43.8065146,-79.302214700000007,43.794514599999999
-79.290214700000007,43.8185146,-79.302214700000007,43.8065146
-79.290214700000007,43.962514599999999,-79.302214700000007,43.950514599999998
-79.278214700000007,43.8065146,-79.290214700000007,43.794514599999999
-79.278214700000007,43.8185146,-79.290214700000007,43.8065146
-79.278214700000007,43.938514599999998,-79.290214700000007,43.926514599999997
-79.278214700000007,43.962514599999999,-79.290214700000007,43.950514599999998
-79.27792899166667,43.818598537499994,-79.299471850000003,43.798039099999997
-79.266214700000006,43.8065146,-79.278214700000007,43.794514599999999
-79.266214700000006,43.8185146,-79.278214700000007,43.8065146
-79.266214700000006,43.830514600000001,-79.278214700000007,43.8185146
-79.266214700000006,43.962514599999999,-79.278214700000007,43.950514599999998
-79.256386133333336,43.818598537499994,-79.27792899166667,43.798039099999997
-79.254214700000006,43.8065146,-79.266214700000006,43.794514599999999
-79.254214700000006,43.8185146,-79.266214700000006,43.8065146
-79.254214700000006,43.830514600000001,-79.266214700000006,43.8185146
-79.254214700000006,43.926514599999997,-79.266214700000006,43.914514599999997
-79.242214700000005,43.8065146,-79.254214700000006,43.794514599999999
-79.242214700000005,43.8185146,-79.254214700000006,43.8065146
-79.242214700000005,43.830514600000001,-79.254214700000006,43.8185146
-79.230214700000005,43.8065146,-79.242214700000005,43.794514599999999
-79.230214700000005,43.8185146,-79.242214700000005,43.8065146
-79.230214700000005,43.830514600000001,-79.242214700000005,43.8185146
-79.230214700000005,43.950514599999998,-79.242214700000005,43.938514599999998
-79.218214700000004,43.8065146,-79.230214700000005,43.794514599999999
-79.218214700000004,43.8185146,-79.230214700000005,43.8065146
-79.218214700000004,43.830514600000001,-79.230214700000005,43.8185146
-79.218214700000004,43.842514600000001,-79.230214700000005,43.830514600000001
-79.206214700000004,43.8065146,-79.218214700000004,43.794514599999999
-79.206214700000004,43.8185146,-79.218214700000004,43.8065146
-79.206214700000004,43.830514600000001,-79.218214700000004,43.8185146
-79.206214700000004,43.842514600000001,-79.218214700000004,43.830514600000001
-79.206214700000004,43.854514600000002,-79.218214700000004,43.842514600000001
-79.194214700000003,43.8065146,-79.206214700000004,43.794514599999999
-79.194214700000003,43.8185146,-79.206214700000004,43.8065146
-79.194214700000003,43.830514600000001,-79.206214700000004,43.8185146
-79.194214700000003,43.842514600000001,-79.206214700000004,43.830514600000001
-79.194214700000003,43.962514599999999,-79.206214700000004,43.950514599999998
-79.182214700000003,43.8065146,-79.194214700000003,43.794514599999999
-79.182214700000003,43.8185146,-79.194214700000003,43.8065146
-79.182214700000003,43.830514600000001,-79.194214700000003,43.8185146
-79.182214700000003,43.842514600000001,-79.194214700000003,43.830514600000001
-79.182214700000003,43.854514600000002,-79.194214700000003,43.842514600000001
-79.182214700000003,43.866514600000002,-79.194214700000003,43.854514600000002
-79.182214700000003,43.926514599999997,-79.194214700000003,43.914514599999997
-79.182214700000003,43.938514599999998,-79.194214700000003,43.926514599999997
-79.182214700000003,43.950514599999998,-79.194214700000003,43.938514599999998
-79.182214700000003,43.962514599999999,-79.194214700000003,43.950514599999998
-79.170214700000002,43.8065146,-79.182214700000003,43.794514599999999
-79.170214700000002,43.8185146,-79.182214700000003,43.8065146
-79.170214700000002,43.830514600000001,-79.182214700000003,43.8185146
-79.170214700000002,43.839157974999999,-79.213300416666669,43.798039099999997
-79.170214700000002,43.842514600000001,-79.182214700000003,43.830514600000001
-79.170214700000002,43.902514599999996,-79.182214700000003,43.890514599999996
-79.170214700000002,43.914514599999997,-79.182214700000003,43.902514599999996
-79.170214700000002,43.926514599999997,-79.182214700000003,43.914514599999997
-79.170214700000002,43.938514599999998,-79.182214700000003,43.926514599999997
-79.170214700000002,43.950514599999998,-79.182214700000003,43.938514599999998
-79.170214700000002,43.962514599999999,-79.182214700000003,43.950514599999998
