-79.548000000000002,43.619999999999997,-79.560000000000002,43.607999999999997
-79.548000000000002,43.631999999999998,-79.560000000000002,43.619999999999997
-79.548000000000002,43.643999999999998,-79.560000000000002,43.631999999999998
-79.548000000000002,43.655999999999999,-79.560000000000002,43.643999999999998
-79.548000000000002,43.667999999999999,-79.560000000000002,43.655999999999999
-79.548000000000002,43.68,-79.560000000000002,43.667999999999999
-79.548000000000002,43.692,-79.560000000000002,43.68
-79.548000000000002,43.704000000000001,-79.560000000000002,43.692
-79.548000000000002,43.716000000000001,-79.560000000000002,43.704000000000001
-79.548000000000002,43.728000000000002,-79.560000000000002,43.716000000000001
-79.548000000000002,43.740000000000002,-79.560000000000002,43.728000000000002
-79.548000000000002,43.752000000000002,-79.560000000000002,43.740000000000002
-79.548000000000002,43.764000000000003,-79.560000000000002,43.752000000000002
-79.548000000000002,43.776000000000003,-79.560000000000002,43.764000000000003
-79.548000000000002,43.787999999999997,-79.560000000000002,43.776000000000003
-79.548000000000002,43.799999999999997,-79.560000000000002,43.787999999999997
-79.536000000000001,43.619999999999997,-79.548000000000002,43.607999999999997
-79.536000000000001,43.631999999999998,-79.548000000000002,43.619999999999997
-79.536000000000001,43.643999999999998,-79.548000000000002,43.631999999999998
-79.536000000000001,43.655999999999999,-79.548000000000002,43.643999999999998
-79.536000000000001,43.667999999999999,-79.548000000000002,43.655999999999999
-79.536000000000001,43.68,-79.548000000000002,43.667999999999999
-79.536000000000001,43.692,-79.548000000000002,43.68
-79.536000000000001,43.704000000000001,-79.548000000000002,43.692
-79.536000000000001,43.716000000000001,-79.548000000000002,43.704000000000001
-79.536000000000001,43.728000000000002,-79.548000000000002,43.716000000000001
-79.536000000000001,43.740000000000002,-79.548000000000002,43.728000000000002
-79.536000000000001,43.752000000000002,-79.548000000000002,43.740000000000002
-79.536000000000001,43.764000000000003,-79.548000000000002,43.752000000000002
-79.536000000000001,43.776000000000003,-79.548000000000002,43.764000000000003
-79.536000000000001,43.787999999999997,-79.548000000000002,43.776000000000003
-79.536000000000001,43.799999999999997,-79.548000000000002,43.787999999999997
-79.524000000000001,43.619999999999997,-79.536000000000001,43.607999999999997
-79.524000000000001,43.631999999999998,-79.536000000000001,43.619999999999997
-79.524000000000001,43.643999999999998,-79.536000000000001,43.631999999999998
-79.524000000000001,43.655999999999999,-79.536000000000001,43.643999999999998
-79.524000000000001,43.667999999999999,-79.536000000000001,43.655999999999999
-79.524000000000001,43.68,-79.536000000000001,43.667999999999999
-79.524000000000001,43.692,-79.536000000000001,43.68
-79.524000000000001,43.704000000000001,-79.536000000000001,43.692
-79.524000000000001,43.716000000000001,-79.536000000000001,43.704000000000001
-79.524000000000001,43.728000000000002,-79.536000000000001,43.716000000000001
-79.524000000000001,43.740000000000002,-79.536000000000001,43.728000000000002
-79.524000000000001,43.752000000000002,-79.536000000000001,43.740000000000002
-79.524000000000001,43.764000000000003,-79.536000000000001,43.752000000000002
-79.524000000000001,43.776000000000003,-79.536000000000001,43.764000000000003
-79.524000000000001,43.787999999999997,-79.536000000000001,43.776000000000003
-79.524000000000001,43.799999999999997,-79.536000000000001,43.787999999999997
-79.512,43.619999999999997,-79.524000000000001,43.607999999999997
-79.512,43.631999999999998,-79.524000000000001,43.619999999999997
-79.512,43.643999999999998,-79.524000000000001,43.631999999999998
-79.512,43.655999999999999,-79.524000000000001,43.643999999999998
-79.512,43.667999999999999,-79.524000000000001,43.655999999999999
-79.512,43.68,-79.524000000000001,43.667999999999999
-79.512,43.692,-79.524000000000001,43.68
-79.512,43.704000000000001,-79.524000000000001,43.692
-79.512,43.716000000000001,-79.524000000000001,43.704000000000001
-79.512,43.728000000000002,-79.524000000000001,43.716000000000001
-79.512,43.740000000000002,-79.524000000000001,43.728000000000002
-79.512,43.752000000000002,-79.524000000000001,43.740000000000002
-79.512,43.764000000000003,-79.524000000000001,43.752000000000002
-79.512,43.776000000000003,-79.524000000000001,43.764000000000003
-79.512,43.787999999999997,-79.524000000000001,43.776000000000003
-79.512,43.799999999999997,-79.524000000000001,43.787999999999997
-79.5,43.619999999999997,-79.512,43.607999999999997
-79.5,43.631999999999998,-79.512,43.619999999999997
-79.5,43.643999999999998,-79.512,43.631999999999998
-79.5,43.655999999999999,-79.512,43.643999999999998
-79.5,43.667999999999999,-79.512,43.655999999999999
-79.5,43.68,-79.512,43.667999999999999
-79.5,43.692,-79.512,43.68
-79.5,43.704000000000001,-79.512,43.692
-79.5,43.716000000000001,-79.512,43.704000000000001
-79.5,43.728000000000002,-79.512,43.716000000000001
-79.5,43.740000000000002,-79.512,43.728000000000002
-79.5,43.752000000000002,-79.512,43.740000000000002
-79.5,43.764000000000003,-79.512,43.752000000000002
-79.5,43.776000000000003,-79.512,43.764000000000003
-79.5,43.787999999999997,-79.512,43.776000000000003
-79.5,43.799999999999997,-79.512,43.787999999999997
-79.488,43.619999999999997,-79.5,43.607999999999997
-79.488,43.631999999999998,-79.5,43.619999999999997
-79.488,43.643999999999998,-79.5,43.631999999999998
-79.488,43.655999999999999,-79.5,43.643999999999998
-79.488,43.667999999999999,-79.5,43.655999999999999
-79.488,43.68,-79.5,43.667999999999999
-79.488,43.692,-79.5,43.68
-79.488,43.704000000000001,-79.5,43.692
-79.488,43.716000000000001,-79.5,43.704000000000001
-79.488,43.728000000000002,-79.5,43.716000000000001
-79.488,43.740000000000002,-79.5,43.728000000000002
-79.488,43.752000000000002,-79.5,43.740000000000002
-79.488,43.764000000000003,-79.5,43.752000000000002
-79.488,43.776000000000003,-79.5,43.764000000000003
-79.488,43.787999999999997,-79.5,43.776000000000003
-79.488,43.799999999999997,-79.5,43.787999999999997
-79.475999999999999,43.619999999999997,-79.488,43.607999999999997
-79.475999999999999,43.631999999999998,-79.488,43.619999999999997
-79.475999999999999,43.643999999999998,-79.488,43.631999999999998
-79.475999999999999,43.655999999999999,-79.488,43.643999999999998
-79.475999999999999,43.667999999999999,-79.488,43.655999999999999
-79.475999999999999,43.68,-79.488,43.667999999999999
-79.475999999999999,43.692,-79.488,43.68
-79.475999999999999,43.704000000000001,-79.488,43.692
-79.475999999999999,43.716000000000001,-79.488,43.704000000000001
-79.475999999999999,43.728000000000002,-79.488,43.716000000000001
-79.475999999999999,43.740000000000002,-79.488,43.728000000000002
-79.475999999999999,43.752000000000002,-79.488,43.740000000000002
-79.475999999999999,43.764000000000003,-79.488,43.752000000000002
-79.475999999999999,43.776000000000003,-79.488,43.764000000000003
-79.475999999999999,43.787999999999997,-79.488,43.776000000000003
-79.475999999999999,43.799999999999997,-79.488,43.787999999999997
-79.466999999999999,43.799999999999997,-79.555999999999997,43.704999999999998
-79.463999999999999,43.619999999999997,-79.475999999999999,43.607999999999997
-79.463999999999999,43.631999999999998,-79.475999999999999,43.619999999999997
-79.463999999999999,43.643999999999998,-79.475999999999999,43.631999999999998
-79.463999999999999,43.655999999999999,-79.475999999999999,43.643999999999998
-79.463999999999999,43.667999999999999,-79.475999999999999,43.655999999999999
-79.463999999999999,43.68,-79.475999999999999,43.667999999999999
-79.463999999999999,43.692,-79.475999999999999,43.68
-79.463999999999999,43.704000000000001,-79.475999999999999,43.692
-79.463999999999999,43.716000000000001,-79.475999999999999,43.704000000000001
-79.463999999999999,43.728000000000002,-79.475999999999999,43.716000000000001
-79.463999999999999,43.740000000000002,-79.475999999999999,43.728000000000002
-79.463999999999999,43.752000000000002,-79.475999999999999,43.740000000000002
-79.463999999999999,43.764000000000003,-79.475999999999999,43.752000000000002
-79.463999999999999,43.776000000000003,-79.475999999999999,43.764000000000003
-79.463999999999999,43.787999999999997,-79.475999999999999,43.776000000000003
-79.463999999999999,43.799999999999997,-79.475999999999999,43.787999999999997
-79.451999999999998,43.619999999999997,-79.463999999999999,43.607999999999997
-79.451999999999998,43.631999999999998,-79.463999999999999,43.619999999999997
-79.451999999999998,43.643999999999998,-79.463999999999999,43.631999999999998
-79.451999999999998,43.655999999999999,-79.463999999999999,43.643999999999998
-79.451999999999998,43.667999999999999,-79.463999999999999,43.655999999999999
-79.451999999999998,43.692,-79.463999999999999,43.68
-79.451999999999998,43.704000000000001,-79.463999999999999,43.692
-79.451999999999998,43.716000000000001,-79.463999999999999,43.704000000000001
-79.451999999999998,43.728000000000002,-79.463999999999999,43.716000000000001
-79.451999999999998,43.740000000000002,-79.463999999999999,43.728000000000002
-79.451999999999998,43.752000000000002,-79.463999999999999,43.740000000000002
-79.451999999999998,43.764000000000003,-79.463999999999999,43.752000000000002
-79.451999999999998,43.776000000000003,-79.463999999999999,43.764000000000003
-79.451999999999998,43.787999999999997,-79.463999999999999,43.776000000000003
-79.451999999999998,43.799999999999997,-79.463999999999999,43.787999999999997
-79.439999999999998,43.619999999999997,-79.451999999999998,43.607999999999997
-79.439999999999998,43.631999999999998,-79.451999999999998,43.619999999999997
-79.439999999999998,43.643999999999998,-79.451999999999998,43.631999999999998
-79.439999999999998,43.655999999999999,-79.451999999999998,43.643999999999998
-79.439999999999998,43.667999999999999,-79.451999999999998,43.655999999999999
-79.439999999999998,43.692,-79.451999999999998,43.68
-79.439999999999998,43.704000000000001,-79.451999999999998,43.692
-79.439999999999998,43.716000000000001,-79.451999999999998,43.704000000000001
-79.439999999999998,43.728000000000002,-79.451999999999998,43.716000000000001
-79.439999999999998,43.740000000000002,-79.451999999999998,43.728000000000002
-79.439999999999998,43.752000000000002,-79.451999999999998,43.740000000000002
-79.439999999999998,43.764000000000003,-79.451999999999998,43.752000000000002
-79.439999999999998,43.776000000000003,-79.451999999999998,43.764000000000003
-79.439999999999998,43.787999999999997,-79.451999999999998,43.776000000000003
-79.439999999999998,43.799999999999997,-79.451999999999998,43.787999999999997
-79.427999999999997,43.619999999999997,-79.439999999999998,43.607999999999997
-79.427999999999997,43.631999999999998,-79.439999999999998,43.619999999999997
-79.427999999999997,43.643999999999998,-79.439999999999998,43.631999999999998
-79.427999999999997,43.655999999999999,-79.439999999999998,43.643999999999998
-79.427999999999997,43.692,-79.439999999999998,43.68
-79.427999999999997,43.704000000000001,-79.439999999999998,43.692
-79.427999999999997,43.716000000000001,-79.439999999999998,43.704000000000001
-79.427999999999997,43.728000000000002,-79.439999999999998,43.716000000000001
-79.427999999999997,43.740000000000002,-79.439999999999998,43.728000000000002
-79.427999999999997,43.752000000000002,-79.439999999999998,43.740000000000002
-79.427999999999997,43.764000000000003,-79.439999999999998,43.752000000000002
-79.427999999999997,43.776000000000003,-79.439999999999998,43.764000000000003
-79.427999999999997,43.787999999999997,-79.439999999999998,43.776000000000003
-79.427999999999997,43.799999999999997,-79.439999999999998,43.787999999999997
-79.415999999999997,43.619999999999997,-79.427999999999997,43.607999999999997
-79.415999999999997,43.631999999999998,-79.427999999999997,43.619999999999997
-79.415999999999997,43.643999999999998,-79.427999999999997,43.631999999999998
-79.415999999999997,43.655999999999999,-79.427999999999997,43.643999999999998
-79.415999999999997,43.68,-79.427999999999997,43.667999999999999
-79.415999999999997,43.692,-79.427999999999997,43.68
-79.415999999999997,43.704000000000001,-79.427999999999997,43.692
-79.415999999999997,43.716000000000001,-79.427999999999997,43.704000000000001
-79.415999999999997,43.728000000000002,-79.427999999999997,43.716000000000001
-79.415999999999997,43.740000000000002,-79.427999999999997,43.728000000000002
-79.415999999999997,43.752000000000002,-79.427999999999997,43.740000000000002
-79.415999999999997,43.764000000000003,-79.427999999999997,43.752000000000002
-79.415999999999997,43.776000000000003,-79.427999999999997,43.764000000000003
-79.415999999999997,43.787999999999997,-79.427999999999997,43.776000000000003
-79.415999999999997,43.799999999999997,-79.427999999999997,43.787999999999997
-79.403999999999996,43.619999999999997,-79.415999999999997,43.607999999999997
-79.403999999999996,43.631999999999998,-79.415999999999997,43.619999999999997
-79.403999999999996,43.643999999999998,-79.415999999999997,43.631999999999998
-79.403999999999996,43.68,-79.415999999999997,43.667999999999999
-79.403999999999996,43.692,-79.415999999999997,43.68
-79.403999999999996,43.704000000000001,-79.415999999999997,43.692
-79.403999999999996,43.716000000000001,-79.415999999999997,43.704000000000001
-79.403999999999996,43.728000000000002,-79.415999999999997,43.716000000000001
-79.403999999999996,43.740000000000002,-79.415999999999997,43.728000000000002
-79.403999999999996,43.752000000000002,-79.415999999999997,43.740000000000002
-79.403999999999996,43.764000000000003,-79.415999999999997,43.752000000000002
-79.403999999999996,43.776000000000003,-79.415999999999997,43.764000000000003
-79.403999999999996,43.787999999999997,-79.415999999999997,43.776000000000003
-79.403999999999996,43.799999999999997,-79.415999999999997,43.787999999999997
-79.391999999999996,43.619999999999997,-79.403999999999996,43.607999999999997
-79.391999999999996,43.631999999999998,-79.403999999999996,43.619999999999997
-79.391999999999996,43.643999999999998,-79.403999999999996,43.631999999999998
-79.391999999999996,43.655999999999999,-79.403999999999996,43.643999999999998
-79.391999999999996,43.667999999999999,-79.403999999999996,43.655999999999999
-79.391999999999996,43.68,-79.403999999999996,43.667999999999999
-79.391999999999996,43.692,-79.403999999999996,43.68
-79.391999999999996,43.716000000000001,-79.403999999999996,43.704000000000001
-79.391999999999996,43.728000000000002,-79.403999999999996,43.716000000000001
-79.391999999999996,43.740000000000002,-79.403999999999996,43.728000000000002
-79.391999999999996,43.752000000000002,-79.403999999999996,43.740000000000002
-79.391999999999996,43.764000000000003,-79.403999999999996,43.752000000000002
-79.391999999999996,43.776000000000003,-79.403999999999996,43.764000000000003
-79.391999999999996,43.787999999999997,-79.403999999999996,43.776000000000003
-79.391999999999996,43.799999999999997,-79.403999999999996,43.787999999999997
-79.379999999999995,43.619999999999997,-79.391999999999996,43.607999999999997
-79.379999999999995,43.631999999999998,-79.391999999999996,43.619999999999997
-79.379999999999995,43.643999999999998,-79.391999999999996,43.631999999999998
-79.379999999999995,43.655999999999999,-79.391999999999996,43.643999999999998
-79.379999999999995,43.667999999999999,-79.391999999999996,43.655999999999999
-79.379999999999995,43.68,-79.391999999999996,43.667999999999999
-79.379999999999995,43.692,-79.391999999999996,43.68
-79.379999999999995,43.704000000000001,-79.391999999999996,43.692
-79.379999999999995,43.716000000000001,-79.391999999999996,43.704000000000001
-79.379999999999995,43.728000000000002,-79.391999999999996,43.716000000000001
-79.379999999999995,43.740000000000002,-79.391999999999996,43.728000000000002
-79.379999999999995,43.752000000000002,-79.391999999999996,43.740000000000002
-79.379999999999995,43.764000000000003,-79.391999999999996,43.752000000000002
-79.379999999999995,43.776000000000003,-79.391999999999996,43.764000000000003
-79.379999999999995,43.787999999999997,-79.391999999999996,43.776000000000003
-79.379999999999995,43.799999999999997,-79.391999999999996,43.787999999999997
-79.367999999999995,43.619999999999997,-79.379999999999995,43.607999999999997
-79.367999999999995,43.631999999999998,-79.379999999999995,43.619999999999997
-79.367999999999995,43.643999999999998,-79.379999999999995,43.631999999999998
-79.367999999999995,43.655999999999999,-79.379999999999995,43.643999999999998
-79.367999999999995,43.667999999999999,-79.379999999999995,43.655999999999999
-79.367999999999995,43.68,-79.379999999999995,43.667999999999999
-79.367999999999995,43.692,-79.379999999999995,43.68
-79.367999999999995,43.704000000000001,-79.379999999999995,43.692
-79.367999999999995,43.716000000000001,-79.379999999999995,43.704000000000001
-79.367999999999995,43.728000000000002,-79.379999999999995,43.716000000000001
-79.367999999999995,43.740000000000002,-79.379999999999995,43.728000000000002
-79.367999999999995,43.752000000000002,-79.379999999999995,43.740000000000002
-79.367999999999995,43.764000000000003,-79.379999999999995,43.752000000000002
-79.367999999999995,43.776000000000003,-79.379999999999995,43.764000000000003
-79.367999999999995,43.787999999999997,-79.379999999999995,43.776000000000003
-79.367999999999995,43.799999999999997,-79.379999999999995,43.787999999999997
-79.355999999999995,43.619999999999997,-79.367999999999995,43.607999999999997
-79.355999999999995,43.631999999999998,-79.367999999999995,43.619999999999997
-79.355999999999995,43.643999999999998,-79.367999999999995,43.631999999999998
-79.355999999999995,43.655999999999999,-79.367999999999995,43.643999999999998
-79.355999999999995,43.667999999999999,-79.367999999999995,43.655999999999999
-79.355999999999995,43.68,-79.367999999999995,43.667999999999999
-79.355999999999995,43.692,-79.367999999999995,43.68
-79.355999999999995,43.704000000000001,-79.367999999999995,43.692
-79.355999999999995,43.716000000000001,-79.367999999999995,43.704000000000001
-79.355999999999995,43.728000000000002,-79.367999999999995,43.716000000000001
-79.355999999999995,43.740000000000002,-79.367999999999995,43.728000000000002
-79.355999999999995,43.752000000000002,-79.367999999999995,43.740000000000002
-79.355999999999995,43.764000000000003,-79.367999999999995,43.752000000000002
-79.355999999999995,43.776000000000003,-79.367999999999995,43.764000000000003
-79.355999999999995,43.787999999999997,-79.367999999999995,43.776000000000003
-79.355999999999995,43.799999999999997,-79.367999999999995,43.787999999999997
-79.343999999999994,43.619999999999997,-79.355999999999995,43.607999999999997
-79.343999999999994,43.631999999999998,-79.355999999999995,43.619999999999997
-79.343999999999994,43.643999999999998,-79.355999999999995,43.631999999999998
-79.343999999999994,43.655999999999999,-79.355999999999995,43.643999999999998
-79.343999999999994,43.667999999999999,-79.355999999999995,43.655999999999999
-79.343999999999994,43.704000000000001,-79.355999999999995,43.692
-79.343999999999994,43.716000000000001,-79.355999999999995,43.704000000000001
-79.343999999999994,43.728000000000002,-79.355999999999995,43.716000000000001
-79.343999999999994,43.740000000000002,-79.355999999999995,43.728000000000002
-79.343999999999994,43.752000000000002,-79.355999999999995,43.740000000000002
-79.343999999999994,43.764000000000003,-79.355999999999995,43.752000000000002
-79.343999999999994,43.776000000000003,-79.355999999999995,43.764000000000003
-79.343999999999994,43.787999999999997,-79.355999999999995,43.776000000000003
-79.343999999999994,43.799999999999997,-79.355999999999995,43.787999999999997
-79.331999999999994,43.619999999999997,-79.343999999999994,43.607999999999997
-79.331999999999994,43.631999999999998,-79.343999999999994,43.619999999999997
-79.331999999999994,43.643999999999998,-79.343999999999994,43.631999999999998
-79.331999999999994,43.655999999999999,-79.343999999999994,43.643999999999998
-79.331999999999994,43.667999999999999,-79.343999999999994,43.655999999999999
-79.331999999999994,43.68,-79.343999999999994,43.667999999999999
-79.331999999999994,43.692,-79.343999999999994,43.68
-79.331999999999994,43.704000000000001,-79.343999999999994,43.692
-79.331999999999994,43.716000000000001,-79.343999999999994,43.704000000000001
-79.331999999999994,43.728000000000002,-79.343999999999994,43.716000000000001
-79.331999999999994,43.740000000000002,-79.343999999999994,43.728000000000002
-79.331999999999994,43.752000000000002,-79.343999999999994,43.740000000000002
-79.331999999999994,43.764000000000003,-79.343999999999994,43.752000000000002
-79.331999999999994,43.776000000000003,-79.343999999999994,43.764000000000003
-79.331999999999994,43.787999999999997,-79.343999999999994,43.776000000000003
-79.331999999999994,43.799999999999997,-79.343999999999994,43.787999999999997
-79.319999999999993,43.619999999999997,-79.331999999999994,43.607999999999997
-79.319999999999993,43.631999999999998,-79.331999999999994,43.619999999999997
-79.319999999999993,43.643999999999998,-79.331999999999994,43.631999999999998
-79.319999999999993,43.655999999999999,-79.331999999999994,43.643999999999998
-79.319999999999993,43.667999999999999,-79.331999999999994,43.655999999999999
-79.319999999999993,43.68,-79.331999999999994,43.667999999999999
-79.319999999999993,43.692,-79.331999999999994,43.68
-79.319999999999993,43.704000000000001,-79.331999999999994,43.692
-79.319999999999993,43.716000000000001,-79.331999999999994,43.704000000000001
-79.319999999999993,43.728000000000002,-79.331999999999994,43.716000000000001
-79.319999999999993,43.740000000000002,-79.331999999999994,43.728000000000002
-79.319999999999993,43.752000000000002,-79.331999999999994,43.740000000000002
-79.319999999999993,43.764000000000003,-79.331999999999994,43.752000000000002
-79.319999999999993,43.776000000000003,-79.331999999999994,43.764000000000003
-79.319999999999993,43.787999999999997,-79.331999999999994,43.776000000000003
-79.319999999999993,43.799999999999997,-79.331999999999994,43.787999999999997
-79.308000000000007,43.619999999999997,-79.319999999999993,43.607999999999997
-79.308000000000007,43.631999999999998,-79.319999999999993,43.619999999999997
-79.308000000000007,43.643999999999998,-79.319999999999993,43.631999999999998
-79.308000000000007,43.655999999999999,-79.319999999999993,43.643999999999998
-79.308000000000007,43.667999999999999,-79.319999999999993,43.655999999999999
-79.308000000000007,43.704000000000001,-79.319999999999993,43.692
-79.308000000000007,43.716000000000001,-79.319999999999993,43.704000000000001
-79.308000000000007,43.728000000000002,-79.319999999999993,43.716000000000001
-79.308000000000007,43.740000000000002,-79.319999999999993,43.728000000000002
-79.308000000000007,43.752000000000002,-79.319999999999993,43.740000000000002
-79.308000000000007,43.764000000000003,-79.319999999999993,43.752000000000002
-79.308000000000007,43.776000000000003,-79.319999999999993,43.764000000000003
-79.308000000000007,43.787999999999997,-79.319999999999993,43.776000000000003
-79.308000000000007,43.799999999999997,-79.319999999999993,43.787999999999997
-79.296000000000006,43.619999999999997,-79.308000000000007,43.607999999999997
-79.296000000000006,43.631999999999998,-79.308000000000007,43.619999999999997
-79.296000000000006,43.643999999999998,-79.308000000000007,43.631999999999998
-79.296000000000006,43.655999999999999,-79.308000000000007,43.643999999999998
-79.296000000000006,43.692,-79.308000000000007,43.68
-79.296000000000006,43.704000000000001,-79.308000000000007,43.692
-79.296000000000006,43.716000000000001,-79.308000000000007,43.704000000000001
-79.296000000000006,43.728000000000002,-79.308000000000007,43.716000000000001
-79.296000000000006,43.740000000000002,-79.308000000000007,43.728000000000002
-79.296000000000006,43.752000000000002,-79.308000000000007,43.740000000000002
-79.296000000000006,43.764000000000003,-79.308000000000007,43.752000000000002
-79.296000000000006,43.776000000000003,-79.308000000000007,43.764000000000003
-79.296000000000006,43.787999999999997,-79.308000000000007,43.776000000000003
-79.296000000000006,43.799999999999997,-79.308000000000007,43.787999999999997
-79.284000000000006,43.619999999999997,-79.296000000000006,43.607999999999997
-79.284000000000006,43.631999999999998,-79.296000000000006,43.619999999999997
-79.284000000000006,43.643999999999998,-79.296000000000006,43.631999999999998
-79.284000000000006,43.655999999999999,-79.296000000000006,43.643999999999998
-79.284000000000006,43.667999999999999,-79.296000000000006,43.655999999999999
-79.284000000000006,43.68,-79.296000000000006,43.667999999999999
-79.284000000000006,43.692,-79.296000000000006,43.68
-79.284000000000006,43.704000000000001,-79.296000000000006,43.692
-79.284000000000006,43.716000000000001,-79.296000000000006,43.704000000000001
-79.284000000000006,43.728000000000002,-79.296000000000006,43.716000000000001
-79.284000000000006,43.740000000000002,-79.296000000000006,43.728000000000002
-79.284000000000006,43.752000000000002,-79.296000000000006,43.740000000000002
-79.284000000000006,43.764000000000003,-79.296000000000006,43.752000000000002
-79.284000000000006,43.776000000000003,-79.296000000000006,43.764000000000003
-79.284000000000006,43.787999999999997,-79.296000000000006,43.776000000000003
-79.284000000000006,43.799999999999997,-79.296000000000006,43.787999999999997
-79.272000000000006,43.619999999999997,-79.284000000000006,43.607999999999997
-79.272000000000006,43.631999999999998,-79.284000000000006,43.619999999999997
-79.272000000000006,43.643999999999998,-79.284000000000006,43.631999999999998
-79.272000000000006,43.655999999999999,-79.284000000000006,43.643999999999998
-79.272000000000006,43.667999999999999,-79.284000000000006,43.655999999999999
-79.272000000000006,43.68,-79.284000000000006,43.667999999999999
-79.272000000000006,43.692,-79.284000000000006,43.68
-79.272000000000006,43.704000000000001,-79.284000000000006,43.692
-79.272000000000006,43.716000000000001,-79.284000000000006,43.704000000000001
-79.272000000000006,43.728000000000002,-79.284000000000006,43.716000000000001
-79.272000000000006,43.740000000000002,-79.284000000000006,43.728000000000002
-79.272000000000006,43.752000000000002,-79.284000000000006,43.740000000000002
-79.272000000000006,43.764000000000003,-79.284000000000006,43.752000000000002
-79.272000000000006,43.776000000000003,-79.284000000000006,43.764000000000003
-79.272000000000006,43.787999999999997,-79.284000000000006,43.776000000000003
-79.272000000000006,43.799999999999997,-79.284000000000006,43.787999999999997
-79.260000000000005,43.619999999999997,-79.272000000000006,43.607999999999997
-79.260000000000005,43.631999999999998,-79.272000000000006,43.619999999999997
-79.260000000000005,43.643999999999998,-79.272000000000006,43.631999999999998
-79.260000000000005,43.655999999999999,-79.272000000000006,43.643999999999998
-79.260000000000005,43.667999999999999,-79.272000000000006,43.655999999999999
-79.260000000000005,43.68,-79.272000000000006,43.667999999999999
-79.260000000000005,43.692,-79.272000000000006,43.68
-79.260000000000005,43.704000000000001,-79.272000000000006,43.692
-79.260000000000005,43.716000000000001,-79.272000000000006,43.704000000000001
-79.260000000000005,43.728000000000002,-79.272000000000006,43.716000000000001
-79.260000000000005,43.740000000000002,-79.272000000000006,43.728000000000002
-79.260000000000005,43.752000000000002,-79.272000000000006,43.740000000000002
-79.260000000000005,43.764000000000003,-79.272000000000006,43.752000000000002
-79.260000000000005,43.776000000000003,-79.272000000000006,43.764000000000003
-79.260000000000005,43.787999999999997,-79.272000000000006,43.776000000000003
-79.260000000000005,43.799999999999997,-79.272000000000006,43.787999999999997
-79.248000000000005,43.619999999999997,-79.260000000000005,43.607999999999997
-79.248000000000005,43.631999999999998,-79.260000000000005,43.619999999999997
-79.248000000000005,43.643999999999998,-79.260000000000005,43.631999999999998
-79.248000000000005,43.655999999999999,-79.260000000000005,43.643999999999998
-79.248000000000005,43.667999999999999,-79.260000000000005,43.655999999999999
-79.248000000000005,43.68,-79.260000000000005,43.667999999999999
-79.248000000000005,43.692,-79.260000000000005,43.68
-79.248000000000005,43.704000000000001,-79.260000000000005,43.692
-79.248000000000005,43.716000000000001,-79.260000000000005,43.704000000000001
-79.248000000000005,43.728000000000002,-79.260000000000005,43.716000000000001
-79.248000000000005,43.740000000000002,-79.260000000000005,43.728000000000002
-79.248000000000005,43.752000000000002,-79.260000000000005,43.740000000000002
-79.248000000000005,43.764000000000003,-79.260000000000005,43.752000000000002
-79.248000000000005,43.776000000000003,-79.260000000000005,43.764000000000003
-79.248000000000005,43.787999999999997,-79.260000000000005,43.776000000000003
-79.248000000000005,43.799999999999997,-79.260000000000005,43.787999999999997
-79.236000000000004,43.619999999999997,-79.248000000000005,43.607999999999997
-79.236000000000004,43.631999999999998,-79.248000000000005,43.619999999999997
-79.236000000000004,43.643999999999998,-79.248000000000005,43.631999999999998
-79.236000000000004,43.655999999999999,-79.248000000000005,43.643999999999998
-79.236000000000004,43.667999999999999,-79.248000000000005,43.655999999999999
-79.236000000000004,43.68,-79.248000000000005,43.667999999999999
-79.236000000000004,43.692,-79.248000000000005,43.68
-79.236000000000004,43.704000000000001,-79.248000000000005,43.692
-79.236000000000004,43.716000000000001,-79.248000000000005,43.704000000000001
-79.236000000000004,43.728000000000002,-79.248000000000005,43.716000000000001
-79.236000000000004,43.740000000000002,-79.248000000000005,43.728000000000002
-79.236000000000004,43.752000000000002,-79.248000000000005,43.740000000000002
-79.236000000000004,43.764000000000003,-79.248000000000005,43.752000000000002
-79.236000000000004,43.776000000000003,-79.248000000000005,43.764000000000003
-79.236000000000004,43.787999999999997,-79.248000000000005,43.776000000000003
-79.236000000000004,43.799999999999997,-79.248000000000005,43.787999999999997
-79.224000000000004,43.619999999999997,-79.236000000000004,43.607999999999997
-79.224000000000004,43.631999999999998,-79.236000000000004,43.619999999999997
-79.224000000000004,43.643999999999998,-79.236000000000004,43.631999999999998
-79.224000000000004,43.655999999999999,-79.236000000000004,43.643999999999998
-79.224000000000004,43.667999999999999,-79.236000000000004,43.655999999999999
-79.224000000000004,43.68,-79.236000000000004,43.667999999999999
-79.224000000000004,43.692,-79.236000000000004,43.68
-79.224000000000004,43.704000000000001,-79.236000000000004,43.692
-79.224000000000004,43.716000000000001,-79.236000000000004,43.704000000000001
-79.224000000000004,43.728000000000002,-79.236000000000004,43.716000000000001
-79.224000000000004,43.740000000000002,-79.236000000000004,43.728000000000002
-79.224000000000004,43.752000000000002,-79.236000000000004,43.740000000000002
-79.224000000000004,43.764000000000003,-79.236000000000004,43.752000000000002
-79.224000000000004,43.776000000000003,-79.236000000000004,43.764000000000003
-79.224000000000004,43.787999999999997,-79.236000000000004,43.776000000000003
-79.224000000000004,43.799999999999997,-79.236000000000004,43.787999999999997
-79.212000000000003,43.619999999999997,-79.224000000000004,43.607999999999997
-79.212000000000003,43.631999999999998,-79.224000000000004,43.619999999999997
-79.212000000000003,43.643999999999998,-79.224000000000004,43.631999999999998
-79.212000000000003,43.655999999999999,-79.224000000000004,43.643999999999998
-79.212000000000003,43.667999999999999,-79.224000000000004,43.655999999999999
-79.212000000000003,43.68,-79.224000000000004,43.667999999999999
-79.212000000000003,43.692,-79.224000000000004,43.68
-79.212000000000003,43.704000000000001,-79.224000000000004,43.692
-79.212000000000003,43.716000000000001,-79.224000000000004,43.704000000000001
-79.212000000000003,43.728000000000002,-79.224000000000004,43.716000000000001
-79.212000000000003,43.740000000000002,-79.224000000000004,43.728000000000002
-79.212000000000003,43.752000000000002,-79.224000000000004,43.740000000000002
-79.212000000000003,43.764000000000003,-79.224000000000004,43.752000000000002
-79.212000000000003,43.776000000000003,-79.224000000000004,43.764000000000003
-79.212000000000003,43.787999999999997,-79.224000000000004,43.776000000000003
-79.212000000000003,43.799999999999997,-79.224000000000004,43.787999999999997
-79.200000000000003,43.619999999999997,-79.212000000000003,43.607999999999997
-79.200000000000003,43.631999999999998,-79.212000000000003,43.619999999999997
-79.200000000000003,43.643999999999998,-79.212000000000003,43.631999999999998
-79.200000000000003,43.655999999999999,-79.212000000000003,43.643999999999998
-79.200000000000003,43.667999999999999,-79.212000000000003,43.655999999999999
-79.200000000000003,43.68,-79.212000000000003,43.667999999999999
-79.200000000000003,43.692,-79.212000000000003,43.68
-79.200000000000003,43.704000000000001,-79.212000000000003,43.692
-79.200000000000003,43.716000000000001,-79.212000000000003,43.704000000000001
-79.200000000000003,43.728000000000002,-79.212000000000003,43.716000000000001
-79.200000000000003,43.740000000000002,-79.212000000000003,43.728000000000002
-79.200000000000003,43.752000000000002,-79.212000000000003,43.740000000000002
-79.200000000000003,43.764000000000003,-79.212000000000003,43.752000000000002
-79.200000000000003,43.776000000000003,-79.212000000000003,43.764000000000003
-79.200000000000003,43.787999999999997,-79.212000000000003,43.776000000000003
-79.200000000000003,43.799999999999997,-79.289000000000001,43.704999999999998
-79.200000000000003,43.799999999999997,-79.212000000000003,43.787999999999997
