-79.478861800000004,43.833695599999999,-79.490861800000005,43.821695599999998
-79.478861800000004,43.845695599999999,-79.490861800000005,43.833695599999999
-79.478861800000004,43.8576956,-79.490861800000005,43.845695599999999
-79.478861800000004,43.8696956,-79.490861800000005,43.8576956
-79.478861800000004,43.8816956,-79.490861800000005,43.8696956
-79.478861800000004,43.893695599999994,-79.490861800000005,43.881695599999993
-79.478861800000004,43.905695599999994,-79.490861800000005,43.893695599999994
-79.478861800000004,43.917695599999995,-79.490861800000005,43.905695599999994
-79.478861800000004,43.977695599999997,-79.490861800000005,43.965695599999997
-79.471206625000008,43.883851974999999,-79.485541600000005,43.865083249999998
-79.466861800000004,43.833695599999999,-79.478861800000004,43.821695599999998
-79.466861800000004,43.845695599999999,-79.478861800000004,43.833695599999999
-79.466861800000004,43.8576956,-79.478861800000004,43.845695599999999
-79.466861800000004,43.8696956,-79.478861800000004,43.8576956
-79.466861800000004,43.977695599999997,-79.478861800000004,43.965695599999997
-79.454861800000003,43.977695599999997,-79.466861800000004,43.965695599999997
-79.442861800000003,43.977695599999997,-79.454861800000003,43.965695599999997
-79.418861800000002,43.833695599999999,-79.430861800000002,43.821695599999998
-79.406861800000001,43.833695599999999,-79.418861800000002,43.821695599999998
-79.394861800000001,43.833695599999999,-79.406861800000001,43.821695599999998
-79.382861800000001,43.833695599999999,-79.394861800000001,43.821695599999998
-79.382861800000001,43.953695599999996,-79.394861800000001,43.941695599999996
-79.3708618,43.833695599999999,-79.382861800000001,43.821695599999998
-79.3708618,43.905695599999994,-79.382861800000001,43.893695599999994
-79.3708618,43.917695599999995,-79.382861800000001,43.905695599999994
-79.3708618,43.929695599999995,-79.382861800000001,43.917695599999995
-79.3708618,43.941695599999996,-79.382861800000001,43.929695599999995
-79.3708618,43.953695599999996,-79.382861800000001,43.941695599999996
-79.3708618,43.965695599999997,-79.382861800000001,43.953695599999996
-79.3708618,43.977695599999997,-79.382861800000001,43.965695599999997
