-122.04184380000001,37.1331477,-122.05384380000001,37.1211477
-122.04184380000001,37.1451477,-122.05384380000001,37.1331477
-122.04184380000001,37.1571477,-122.05384380000001,37.1451477
-122.04184380000001,37.1691477,-122.05384380000001,37.1571477
-122.04184380000001,37.181147700000004,-122.05384380000001,37.1691477
-122.04184380000001,37.1931477,-122.05384380000001,37.1811477
-122.04184380000001,37.2051477,-122.05384380000001,37.1931477
-122.04184380000001,37.2171477,-122.05384380000001,37.2051477
-122.04184380000001,37.2291477,-122.05384380000001,37.2171477
-122.04184380000001,37.2411477,-122.05384380000001,37.2291477
-122.04184380000001,37.2531477,-122.05384380000001,37.2411477
-122.04184380000001,37.2651477,-122.05384380000001,37.2531477
-122.04184380000001,37.2771477,-122.05384380000001,37.2651477
-122.04184380000001,37.2891477,-122.05384380000001,37.2771477
-122.04184380000001,37.3011477,-122.05384380000001,37.2891477
-122.04184380000001,37.3131477,-122.05384380000001,37.3011477
-122.04184380000001,37.3251477,-122.05384380000001,37.3131477
-122.04184380000001,37.3371477,-122.05384380000001,37.3251477
-122.04184380000001,37.3491477,-122.05384380000001,37.3371477
-122.04184380000001,37.361147700000004,-122.05384380000001,37.3491477
-122.04184380000001,37.373147700000004,-122.05384380000001,37.361147700000004
-122.04184380000001,37.3851477,-122.05384380000001,37.3731477
-122.04184380000001,37.3971477,-122.05384380000001,37.3851477
-122.04184380000001,37.4091477,-122.05384380000001,37.3971477
-122.04184380000001,37.4211477,-122.05384380000001,37.4091477
-122.04184380000001,37.4331477,-122.05384380000001,37.4211477
-122.04184380000001,37.4451477,-122.05384380000001,37.4331477
-122.04184380000001,37.4571477,-122.05384380000001,37.4451477
-122.04184380000001,37.4691477,-122.05384380000001,37.4571477
-122.02984380000001,37.1331477,-122.04184380000001,37.1211477
-122.02984380000001,37.1451477,-122.04184380000001,37.1331477
-122.02984380000001,37.1571477,-122.04184380000001,37.1451477
-122.02984380000001,37.1691477,-122.04184380000001,37.1571477
-122.02984380000001,37.181147700000004,-122.04184380000001,37.1691477
-122.02984380000001,37.1931477,-122.04184380000001,37.1811477
-122.02984380000001,37.2051477,-122.04184380000001,37.1931477
-122.02984380000001,37.2171477,-122.04184380000001,37.2051477
-122.02984380000001,37.2291477,-122.04184380000001,37.2171477
-122.02984380000001,37.2411477,-122.04184380000001,37.2291477
-122.02984380000001,37.2531477,-122.04184380000001,37.2411477
-122.02984380000001,37.2651477,-122.04184380000001,37.2531477
-122.02984380000001,37.2771477,-122.04184380000001,37.2651477
-122.02984380000001,37.2891477,-122.04184380000001,37.2771477
-122.02984380000001,37.3251477,-122.04184380000001,37.3131477
-122.02984380000001,37.3371477,-122.04184380000001,37.3251477
-122.02984380000001,37.3491477,-122.04184380000001,37.3371477
-122.02984380000001,37.361147700000004,-122.04184380000001,37.3491477
-122.02984380000001,37.373147700000004,-122.04184380000001,37.361147700000004
-122.02984380000001,37.3851477,-122.04184380000001,37.3731477
-122.02984380000001,37.3971477,-122.04184380000001,37.3851477
-122.02984380000001,37.4091477,-122.04184380000001,37.3971477
-122.02984380000001,37.4211477,-122.04184380000001,37.4091477
-122.02984380000001,37.4331477,-122.04184380000001,37.4211477
-122.02984380000001,37.4451477,-122.04184380000001,37.4331477
-122.02984380000001,37.4571477,-122.04184380000001,37.4451477
-122.02984380000001,37.4691477,-122.04184380000001,37.4571477
-122.01784380000001,37.1331477,-122.02984380000001,37.1211477
-122.01784380000001,37.1451477,-122.02984380000001,37.1331477
-122.01784380000001,37.1571477,-122.02984380000001,37.1451477
-122.01784380000001,37.1691477,-122.02984380000001,37.1571477
-122.01784380000001,37.181147700000004,-122.02984380000001,37.1691477
-122.01784380000001,37.1931477,-122.02984380000001,37.1811477
-122.01784380000001,37.2051477,-122.02984380000001,37.1931477
-122.01784380000001,37.2171477,-122.02984380000001,37.2051477
-122.01784380000001,37.2291477,-122.02984380000001,37.2171477
-122.01784380000001,37.2411477,-122.02984380000001,37.2291477
-122.01784380000001,37.2531477,-122.02984380000001,37.2411477
-122.01784380000001,37.2651477,-122.02984380000001,37.2531477
-122.01784380000001,37.2771477,-122.02984380000001,37.2651477
-122.01784380000001,37.2891477,-122.02984380000001,37.2771477
-122.01784380000001,37.3251477,-122.02984380000001,37.3131477
-122.01784380000001,37.3371477,-122.02984380000001,37.3251477
-122.01784380000001,37.3491477,-122.02984380000001,37.3371477
-122.01784380000001,37.361147700000004,-122.02984380000001,37.3491477
-122.01784380000001,37.373147700000004,-122.02984380000001,37.361147700000004
-122.01784380000001,37.3851477,-122.02984380000001,37.3731477
-122.01784380000001,37.3971477,-122.02984380000001,37.3851477
-122.01784380000001,37.4091477,-122.02984380000001,37.3971477
-122.01784380000001,37.4211477,-122.02984380000001,37.4091477
-122.01784380000001,37.4331477,-122.02984380000001,37.4211477
-122.01784380000001,37.4451477,-122.02984380000001,37.4331477
-122.01784380000001,37.4571477,-122.02984380000001,37.4451477
-122.01784380000001,37.4691477,-122.02984380000001,37.4571477
-122.00584380000001,37.1331477,-122.01784380000001,37.1211477
-122.00584380000001,37.1451477,-122.01784380000001,37.1331477
-122.00584380000001,37.1571477,-122.01784380000001,37.1451477
-122.00584380000001,37.1691477,-122.01784380000001,37.1571477
-122.00584380000001,37.181147700000004,-122.01784380000001,37.1691477
-122.00584380000001,37.1931477,-122.01784380000001,37.1811477
-122.00584380000001,37.2051477,-122.01784380000001,37.1931477
-122.00584380000001,37.2171477,-122.01784380000001,37.2051477
-122.00584380000001,37.2291477,-122.01784380000001,37.2171477
-122.00584380000001,37.2411477,-122.01784380000001,37.2291477
-122.00584380000001,37.2531477,-122.01784380000001,37.2411477
-122.00584380000001,37.2651477,-122.01784380000001,37.2531477
-122.00584380000001,37.2771477,-122.01784380000001,37.2651477
-122.00584380000001,37.2891477,-122.01784380000001,37.2771477
-122.00584380000001,37.3251477,-122.01784380000001,37.3131477
-122.00584380000001,37.3371477,-122.01784380000001,37.3251477
-122.00584380000001,37.3491477,-122.01784380000001,37.3371477
-122.00584380000001,37.361147700000004,-122.01784380000001,37.3491477
-122.00584380000001,37.373147700000004,-122.01784380000001,37.361147700000004
-122.00584380000001,37.3851477,-122.01784380000001,37.3731477
-122.00584380000001,37.3971477,-122.01784380000001,37.3851477
-122.00584380000001,37.4091477,-122.01784380000001,37.3971477
-122.00584380000001,37.4211477,-122.01784380000001,37.4091477
-122.00584380000001,37.4331477,-122.01784380000001,37.4211477
-122.00584380000001,37.4451477,-122.01784380000001,37.4331477
-122.00584380000001,37.4571477,-122.01784380000001,37.4451477
-122.00584380000001,37.4691477,-122.01784380000001,37.4571477
-121.99384380000001,37.1331477,-122.00584380000001,37.1211477
-121.99384380000001,37.1451477,-122.00584380000001,37.1331477
-121.99384380000001,37.1571477,-122.00584380000001,37.1451477
-121.99384380000001,37.1691477,-122.00584380000001,37.1571477
-121.99384380000001,37.181147700000004,-122.00584380000001,37.1691477
-121.99384380000001,37.1931477,-122.00584380000001,37.1811477
-121.99384380000001,37.2051477,-122.00584380000001,37.1931477
-121.99384380000001,37.2171477,-122.00584380000001,37.2051477
-121.99384380000001,37.2291477,-122.00584380000001,37.2171477
-121.99384380000001,37.2411477,-122.00584380000001,37.2291477
-121.99384380000001,37.2531477,-122.00584380000001,37.2411477
-121.99384380000001,37.2651477,-122.00584380000001,37.2531477
-121.99384380000001,37.3371477,-122.00584380000001,37.3251477
-121.99384380000001,37.3491477,-122.00584380000001,37.3371477
-121.99384380000001,37.361147700000004,-122.00584380000001,37.3491477
-121.99384380000001,37.373147700000004,-122.00584380000001,37.361147700000004
-121.99384380000001,37.3851477,-122.00584380000001,37.3731477
-121.99384380000001,37.3971477,-122.00584380000001,37.3851477
-121.99384380000001,37.4091477,-122.00584380000001,37.3971477
-121.99384380000001,37.4211477,-122.00584380000001,37.4091477
-121.99384380000001,37.4331477,-122.00584380000001,37.4211477
-121.99384380000001,37.4451477,-122.00584380000001,37.4331477
-121.99384380000001,37.4571477,-122.00584380000001,37.4451477
-121.99384380000001,37.4691477,-122.00584380000001,37.4571477
-121.98184380000001,37.1331477,-121.99384380000001,37.1211477
-121.98184380000001,37.1451477,-121.99384380000001,37.1331477
-121.98184380000001,37.1571477,-121.99384380000001,37.1451477
-121.98184380000001,37.1691477,-121.99384380000001,37.1571477
-121.98184380000001,37.181147700000004,-121.99384380000001,37.1691477
-121.98184380000001,37.1931477,-121.99384380000001,37.1811477
-121.98184380000001,37.2051477,-121.99384380000001,37.1931477
-121.98184380000001,37.2171477,-121.99384380000001,37.2051477
-121.98184380000001,37.2291477,-121.99384380000001,37.2171477
-121.98184380000001,37.2411477,-121.99384380000001,37.2291477
-121.98184380000001,37.2531477,-121.99384380000001,37.2411477
-121.98184380000001,37.2651477,-121.99384380000001,37.2531477
-121.98184380000001,37.3371477,-121.99384380000001,37.3251477
-121.98184380000001,37.3491477,-121.99384380000001,37.3371477
-121.98184380000001,37.361147700000004,-121.99384380000001,37.3491477
-121.98184380000001,37.373147700000004,-121.99384380000001,37.361147700000004
-121.98184380000001,37.3851477,-121.99384380000001,37.3731477
-121.98184380000001,37.3971477,-121.99384380000001,37.3851477
-121.98184380000001,37.4091477,-121.99384380000001,37.3971477
-121.98184380000001,37.4211477,-121.99384380000001,37.4091477
-121.98184380000001,37.4451477,-121.99384380000001,37.4331477
-121.98184380000001,37.4571477,-121.99384380000001,37.4451477
-121.98184380000001,37.4691477,-121.99384380000001,37.4571477
-121.9698438,37.1331477,-121.98184380000001,37.1211477
-121.9698438,37.1451477,-121.98184380000001,37.1331477
-121.9698438,37.1571477,-121.98184380000001,37.1451477
-121.9698438,37.1691477,-121.98184380000001,37.1571477
-121.9698438,37.181147700000004,-121.98184380000001,37.1691477
-121.9698438,37.1931477,-121.98184380000001,37.1811477
-121.9698438,37.2051477,-121.98184380000001,37.1931477
-121.9698438,37.2171477,-121.98184380000001,37.2051477
-121.9698438,37.2291477,-121.98184380000001,37.2171477
-121.9698438,37.2411477,-121.98184380000001,37.2291477
-121.9698438,37.2531477,-121.98184380000001,37.2411477
-121.9698438,37.2651477,-121.98184380000001,37.2531477
-121.9698438,37.3371477,-121.98184380000001,37.3251477
-121.9698438,37.3491477,-121.98184380000001,37.3371477
-121.9698438,37.361147700000004,-121.98184380000001,37.3491477
-121.9698438,37.373147700000004,-121.98184380000001,37.361147700000004
-121.9698438,37.3851477,-121.98184380000001,37.3731477
-121.9698438,37.3971477,-121.98184380000001,37.3851477
-121.9698438,37.4091477,-121.98184380000001,37.3971477
-121.9698438,37.4571477,-121.98184380000001,37.4451477
-121.9698438,37.4691477,-121.98184380000001,37.4571477
-121.9578438,37.1331477,-121.9698438,37.1211477
-121.9578438,37.1451477,-121.9698438,37.1331477
-121.9578438,37.1571477,-121.9698438,37.1451477
-121.9578438,37.1691477,-121.9698438,37.1571477
-121.9578438,37.181147700000004,-121.9698438,37.1691477
-121.9578438,37.1931477,-121.9698438,37.1811477
-121.9578438,37.2051477,-121.9698438,37.1931477
-121.9578438,37.2171477,-121.9698438,37.2051477
-121.9578438,37.2291477,-121.9698438,37.2171477
-121.9578438,37.2411477,-121.9698438,37.2291477
-121.9578438,37.2531477,-121.9698438,37.2411477
-121.9578438,37.2651477,-121.9698438,37.2531477
-121.9578438,37.2771477,-121.9698438,37.2651477
-121.9578438,37.3491477,-121.9698438,37.3371477
-121.9578438,37.361147700000004,-121.9698438,37.3491477
-121.9578438,37.373147700000004,-121.9698438,37.361147700000004
-121.9578438,37.3851477,-121.9698438,37.3731477
-121.9578438,37.3971477,-121.9698438,37.3851477
-121.9578438,37.4091477,-121.9698438,37.3971477
-121.9578438,37.4571477,-121.9698438,37.4451477
-121.9578438,37.4691477,-121.9698438,37.4571477
-121.9458438,37.1331477,-121.9578438,37.1211477
-121.9458438,37.1451477,-121.9578438,37.1331477
-121.9458438,37.1571477,-121.9578438,37.1451477
-121.9458438,37.1691477,-121.9578438,37.1571477
-121.9458438,37.181147700000004,-121.9578438,37.1691477
-121.9458438,37.1931477,-121.9578438,37.1811477
-121.9458438,37.2051477,-121.9578438,37.1931477
-121.9458438,37.2171477,-121.9578438,37.2051477
-121.9458438,37.2291477,-121.9578438,37.2171477
-121.9458438,37.2411477,-121.9578438,37.2291477
-121.9458438,37.2771477,-121.9578438,37.2651477
-121.9458438,37.2891477,-121.9578438,37.2771477
-121.9458438,37.361147700000004,-121.9578438,37.3491477
-121.9458438,37.373147700000004,-121.9578438,37.361147700000004
-121.9458438,37.3851477,-121.9578438,37.3731477
-121.9458438,37.3971477,-121.9578438,37.3851477
-121.9458438,37.4571477,-121.9578438,37.4451477
-121.9458438,37.4691477,-121.9578438,37.4571477
-121.9338438,37.1331477,-121.9458438,37.1211477
-121.9338438,37.1451477,-121.9458438,37.1331477
-121.9338438,37.1571477,-121.9458438,37.1451477
-121.9338438,37.1691477,-121.9458438,37.1571477
-121.9338438,37.181147700000004,-121.9458438,37.1691477
-121.9338438,37.1931477,-121.9458438,37.1811477
-121.9338438,37.2051477,-121.9458438,37.1931477
-121.9338438,37.2171477,-121.9458438,37.2051477
-121.9338438,37.2291477,-121.9458438,37.2171477
-121.9338438,37.373147700000004,-121.9458438,37.361147700000004
-121.9338438,37.4571477,-121.9458438,37.4451477
-121.9338438,37.4691477,-121.9458438,37.4571477
-121.9218438,37.1331477,-121.9338438,37.1211477
-121.9218438,37.1451477,-121.9338438,37.1331477
-121.9218438,37.1571477,-121.9338438,37.1451477
-121.9218438,37.1691477,-121.9338438,37.1571477
-121.9218438,37.181147700000004,-121.9338438,37.1691477
-121.9218438,37.1931477,-121.9338438,37.1811477
-121.9218438,37.2051477,-121.9338438,37.1931477
-121.9218438,37.2171477,-121.9338438,37.2051477
-121.9218438,37.2291477,-121.9338438,37.2171477
-121.9218438,37.4451477,-121.9338438,37.4331477
-121.9218438,37.4691477,-121.9338438,37.4571477
-121.9098438,37.1331477,-121.9218438,37.1211477
-121.9098438,37.1451477,-121.9218438,37.1331477
-121.9098438,37.1571477,-121.9218438,37.1451477
-121.9098438,37.1691477,-121.9218438,37.1571477
-121.9098438,37.181147700000004,-121.9218438,37.1691477
-121.9098438,37.1931477,-121.9218438,37.1811477
-121.9098438,37.2051477,-121.9218438,37.1931477
-121.9098438,37.2171477,-121.9218438,37.2051477
-121.9098438,37.4211477,-121.9218438,37.4091477
-121.9098438,37.4331477,-121.9218438,37.4211477
-121.9098438,37.4451477,-121.9218438,37.4331477
-121.9098438,37.4691477,-121.9218438,37.4571477
-121.8978438,37.1331477,-121.9098438,37.1211477
-121.8978438,37.1451477,-121.9098438,37.1331477
-121.8978438,37.1571477,-121.9098438,37.1451477
-121.8978438,37.1691477,-121.9098438,37.1571477
-121.8978438,37.181147700000004,-121.9098438,37.1691477
-121.8978438,37.1931477,-121.9098438,37.1811477
-121.8978438,37.2051477,-121.9098438,37.1931477
-121.8978438,37.2171477,-121.9098438,37.2051477
-121.8978438,37.4211477,-121.9098438,37.4091477
-121.8978438,37.4331477,-121.9098438,37.4211477
-121.8978438,37.4451477,-121.9098438,37.4331477
-121.8978438,37.4571477,-121.9098438,37.4451477
-121.8978438,37.4691477,-121.9098438,37.4571477
-121.8858438,37.1331477,-121.8978438,37.1211477
-121.8858438,37.1451477,-121.8978438,37.1331477
-121.8858438,37.1571477,-121.8978438,37.1451477
-121.8858438,37.1691477,-121.8978438,37.1571477
-121.8858438,37.181147700000004,-121.8978438,37.1691477
-121.8858438,37.1931477,-121.8978438,37.1811477
-121.8858438,37.2051477,-121.8978438,37.1931477
-121.8858438,37.2171477,-121.8978438,37.2051477
-121.8858438,37.4211477,-121.8978438,37.4091477
-121.8858438,37.4331477,-121.8978438,37.4211477
-121.8858438,37.4451477,-121.8978438,37.4331477
-121.8858438,37.4571477,-121.8978438,37.4451477
-121.8858438,37.4691477,-121.8978438,37.4571477
-121.8738438,37.1331477,-121.8858438,37.1211477
-121.8738438,37.1451477,-121.8858438,37.1331477
-121.8738438,37.1571477,-121.8858438,37.1451477
-121.8738438,37.1691477,-121.8858438,37.1571477
-121.8738438,37.181147700000004,-121.8858438,37.1691477
-121.8738438,37.1931477,-121.8858438,37.1811477
-121.8738438,37.2051477,-121.8858438,37.1931477
-121.8738438,37.4331477,-121.8858438,37.4211477
-121.8738438,37.4451477,-121.8858438,37.4331477
-121.8738438,37.4571477,-121.8858438,37.4451477
-121.8738438,37.4691477,-121.8858438,37.4571477
-121.8618438,37.1331477,-121.8738438,37.1211477
-121.8618438,37.1451477,-121.8738438,37.1331477
-121.8618438,37.1571477,-121.8738438,37.1451477
-121.8618438,37.1691477,-121.8738438,37.1571477
-121.8618438,37.181147700000004,-121.8738438,37.1691477
-121.8618438,37.1931477,-121.8738438,37.1811477
-121.8618438,37.4451477,-121.8738438,37.4331477
-121.8618438,37.4571477,-121.8738438,37.4451477
-121.8618438,37.4691477,-121.8738438,37.4571477
-121.8498438,37.1331477,-121.8618438,37.1211477
-121.8498438,37.1451477,-121.8618438,37.1331477
-121.8498438,37.1571477,-121.8618438,37.1451477
-121.8498438,37.1691477,-121.8618438,37.1571477
-121.8498438,37.181147700000004,-121.8618438,37.1691477
-121.8498438,37.1931477,-121.8618438,37.1811477
-121.8498438,37.4451477,-121.8618438,37.4331477
-121.8498438,37.4571477,-121.8618438,37.4451477
-121.8498438,37.4691477,-121.8618438,37.4571477
-121.8378438,37.1331477,-121.8498438,37.1211477
-121.8378438,37.1451477,-121.8498438,37.1331477
-121.8378438,37.1571477,-121.8498438,37.1451477
-121.8378438,37.1691477,-121.8498438,37.1571477
-121.8378438,37.181147700000004,-121.8498438,37.1691477
-121.8378438,37.1931477,-121.8498438,37.1811477
-121.8378438,37.4331477,-121.8498438,37.4211477
-121.8378438,37.4451477,-121.8498438,37.4331477
-121.8378438,37.4571477,-121.8498438,37.4451477
-121.8378438,37.4691477,-121.8498438,37.4571477
-121.8258438,37.1331477,-121.8378438,37.1211477
-121.8258438,37.1451477,-121.8378438,37.1331477
-121.8258438,37.1571477,-121.8378438,37.1451477
-121.8258438,37.1691477,-121.8378438,37.1571477
-121.8258438,37.181147700000004,-121.8378438,37.1691477
-121.8258438,37.1931477,-121.8378438,37.1811477
-121.8258438,37.4331477,-121.8378438,37.4211477
-121.8258438,37.4451477,-121.8378438,37.4331477
-121.8258438,37.4571477,-121.8378438,37.4451477
-121.8258438,37.4691477,-121.8378438,37.4571477
-121.8138438,37.1331477,-121.8258438,37.1211477
-121.8138438,37.1451477,-121.8258438,37.1331477
-121.8138438,37.1571477,-121.8258438,37.1451477
-121.8138438,37.1691477,-121.8258438,37.1571477
-121.8138438,37.1931477,-121.8258438,37.1811477
-121.8138438,37.4331477,-121.8258438,37.4211477
-121.8138438,37.4451477,-121.8258438,37.4331477
-121.8138438,37.4571477,-121.8258438,37.4451477
-121.8138438,37.4691477,-121.8258438,37.4571477
-121.8018438,37.1331477,-121.8138438,37.1211477
-121.8018438,37.1451477,-121.8138438,37.1331477
-121.8018438,37.1571477,-121.8138438,37.1451477
-121.8018438,37.1691477,-121.8138438,37.1571477
-121.8018438,37.1931477,-121.8138438,37.1811477
-121.8018438,37.2171477,-121.8138438,37.2051477
-121.8018438,37.3851477,-121.8138438,37.3731477
-121.8018438,37.4331477,-121.8138438,37.4211477
-121.8018438,37.4451477,-121.8138438,37.4331477
-121.8018438,37.4571477,-121.8138438,37.4451477
-121.8018438,37.4691477,-121.8138438,37.4571477
-121.7898438,37.1331477,-121.8018438,37.1211477
-121.7898438,37.1451477,-121.8018438,37.1331477
-121.7898438,37.1571477,-121.8018438,37.1451477
-121.7898438,37.1691477,-121.8018438,37.1571477
-121.7898438,37.1931477,-121.8018438,37.1811477
-121.7898438,37.2051477,-121.8018438,37.1931477
-121.7898438,37.2171477,-121.8018438,37.2051477
-121.7898438,37.3851477,-121.8018438,37.3731477
-121.7898438,37.4331477,-121.8018438,37.4211477
-121.7898438,37.4451477,-121.8018438,37.4331477
-121.7898438,37.4571477,-121.8018438,37.4451477
-121.7898438,37.4691477,-121.8018438,37.4571477
-121.7778438,37.1331477,-121.7898438,37.1211477
-121.7778438,37.2051477,-121.7898438,37.1931477
-121.7778438,37.2171477,-121.7898438,37.2051477
-121.7778438,37.373147700000004,-121.7898438,37.361147700000004
-121.7778438,37.3851477,-121.7898438,37.3731477
-121.7778438,37.3971477,-121.7898438,37.3851477
-121.7778438,37.4211477,-121.7898438,37.4091477
-121.7778438,37.4331477,-121.7898438,37.4211477
-121.7778438,37.4451477,-121.7898438,37.4331477
-121.7778438,37.4571477,-121.7898438,37.4451477
-121.7778438,37.4691477,-121.7898438,37.4571477
-121.76584380000001,37.1331477,-121.77784380000001,37.1211477
-121.76584380000001,37.1451477,-121.77784380000001,37.1331477
-121.76584380000001,37.181147700000004,-121.77784380000001,37.1691477
-121.76584380000001,37.2051477,-121.77784380000001,37.1931477
-121.76584380000001,37.2171477,-121.77784380000001,37.2051477
-121.76584380000001,37.3491477,-121.77784380000001,37.3371477
-121.76584380000001,37.361147700000004,-121.77784380000001,37.3491477
-121.76584380000001,37.373147700000004,-121.77784380000001,37.361147700000004
-121.76584380000001,37.3851477,-121.77784380000001,37.3731477
-121.76584380000001,37.3971477,-121.77784380000001,37.3851477
-121.76584380000001,37.4091477,-121.77784380000001,37.3971477
-121.76584380000001,37.4211477,-121.77784380000001,37.4091477
-121.76584380000001,37.4331477,-121.77784380000001,37.4211477
-121.76584380000001,37.4451477,-121.77784380000001,37.4331477
-121.76584380000001,37.4571477,-121.77784380000001,37.4451477
-121.76584380000001,37.4691477,-121.77784380000001,37.4571477
-121.75384380000001,37.1331477,-121.76584380000001,37.1211477
-121.75384380000001,37.1451477,-121.76584380000001,37.1331477
-121.75384380000001,37.2051477,-121.76584380000001,37.1931477
-121.75384380000001,37.2651477,-121.76584380000001,37.2531477
-121.75384380000001,37.3491477,-121.76584380000001,37.3371477
-121.75384380000001,37.361147700000004,-121.76584380000001,37.3491477
-121.75384380000001,37.373147700000004,-121.76584380000001,37.361147700000004
-121.75384380000001,37.3851477,-121.76584380000001,37.3731477
-121.75384380000001,37.3971477,-121.76584380000001,37.3851477
-121.75384380000001,37.4091477,-121.76584380000001,37.3971477
-121.75384380000001,37.4211477,-121.76584380000001,37.4091477
-121.75384380000001,37.4331477,-121.76584380000001,37.4211477
-121.75384380000001,37.4451477,-121.76584380000001,37.4331477
-121.75384380000001,37.4571477,-121.76584380000001,37.4451477
-121.75384380000001,37.4691477,-121.76584380000001,37.4571477
-121.74184380000001,37.1331477,-121.75384380000001,37.1211477
-121.74184380000001,37.1451477,-121.75384380000001,37.1331477
-121.74184380000001,37.1571477,-121.75384380000001,37.1451477
-121.74184380000001,37.2531477,-121.75384380000001,37.2411477
-121.74184380000001,37.2651477,-121.75384380000001,37.2531477
-121.74184380000001,37.3371477,-121.75384380000001,37.3251477
-121.74184380000001,37.3491477,-121.75384380000001,37.3371477
-121.74184380000001,37.361147700000004,-121.75384380000001,37.3491477
-121.74184380000001,37.373147700000004,-121.75384380000001,37.361147700000004
-121.74184380000001,37.3851477,-121.75384380000001,37.3731477
-121.74184380000001,37.3971477,-121.75384380000001,37.3851477
-121.74184380000001,37.4091477,-121.75384380000001,37.3971477
-121.74184380000001,37.4211477,-121.75384380000001,37.4091477
-121.74184380000001,37.4331477,-121.75384380000001,37.4211477
-121.74184380000001,37.4451477,-121.75384380000001,37.4331477
-121.74184380000001,37.4571477,-121.75384380000001,37.4451477
-121.74184380000001,37.4691477,-121.75384380000001,37.4571477
-121.72984380000001,37.1331477,-121.74184380000001,37.1211477
-121.72984380000001,37.1451477,-121.74184380000001,37.1331477
-121.72984380000001,37.1571477,-121.74184380000001,37.1451477
-121.72984380000001,37.1691477,-121.74184380000001,37.1571477
-121.72984380000001,37.2531477,-121.74184380000001,37.2411477
-121.72984380000001,37.2651477,-121.74184380000001,37.2531477
-121.72984380000001,37.3011477,-121.74184380000001,37.2891477
-121.72984380000001,37.3131477,-121.74184380000001,37.3011477
-121.72984380000001,37.3251477,-121.74184380000001,37.3131477
-121.72984380000001,37.3371477,-121.74184380000001,37.3251477
-121.72984380000001,37.3491477,-121.74184380000001,37.3371477
-121.72984380000001,37.361147700000004,-121.74184380000001,37.3491477
-121.72984380000001,37.373147700000004,-121.74184380000001,37.361147700000004
-121.72984380000001,37.3851477,-121.74184380000001,37.3731477
-121.72984380000001,37.3971477,-121.74184380000001,37.3851477
-121.72984380000001,37.4091477,-121.74184380000001,37.3971477
-121.72984380000001,37.4211477,-121.74184380000001,37.4091477
-121.72984380000001,37.4331477,-121.74184380000001,37.4211477
-121.72984380000001,37.4451477,-121.74184380000001,37.4331477
-121.72984380000001,37.4571477,-121.74184380000001,37.4451477
-121.72984380000001,37.4691477,-121.74184380000001,37.4571477
-121.71784380000001,37.1331477,-121.72984380000001,37.1211477
-121.71784380000001,37.1451477,-121.72984380000001,37.1331477
-121.71784380000001,37.1571477,-121.72984380000001,37.1451477
-121.71784380000001,37.1691477,-121.72984380000001,37.1571477
-121.71784380000001,37.181147700000004,-121.72984380000001,37.1691477
-121.71784380000001,37.1931477,-121.72984380000001,37.1811477
-121.71784380000001,37.2291477,-121.72984380000001,37.2171477
-121.71784380000001,37.2531477,-121.72984380000001,37.2411477
-121.71784380000001,37.2651477,-121.72984380000001,37.2531477
-121.71784380000001,37.2771477,-121.72984380000001,37.2651477
-121.71784380000001,37.2891477,-121.72984380000001,37.2771477
-121.71784380000001,37.3011477,-121.72984380000001,37.2891477
-121.71784380000001,37.3131477,-121.72984380000001,37.3011477
-121.71784380000001,37.3251477,-121.72984380000001,37.3131477
-121.71784380000001,37.3371477,-121.72984380000001,37.3251477
-121.71784380000001,37.3491477,-121.72984380000001,37.3371477
-121.71784380000001,37.361147700000004,-121.72984380000001,37.3491477
-121.71784380000001,37.373147700000004,-121.72984380000001,37.361147700000004
-121.71784380000001,37.3851477,-121.72984380000001,37.3731477
-121.71784380000001,37.3971477,-121.72984380000001,37.3851477
-121.71784380000001,37.4091477,-121.72984380000001,37.3971477
-121.71784380000001,37.4211477,-121.72984380000001,37.4091477
-121.71784380000001,37.4331477,-121.72984380000001,37.4211477
-121.71784380000001,37.4451477,-121.72984380000001,37.4331477
-121.71784380000001,37.4571477,-121.72984380000001,37.4451477
-121.71784380000001,37.4691477,-121.72984380000001,37.4571477
-121.70584380000001,37.1331477,-121.71784380000001,37.1211477
-121.70584380000001,37.1451477,-121.71784380000001,37.1331477
-121.70584380000001,37.1571477,-121.71784380000001,37.1451477
-121.70584380000001,37.1691477,-121.71784380000001,37.1571477
-121.70584380000001,37.181147700000004,-121.71784380000001,37.1691477
-121.70584380000001,37.2051477,-121.71784380000001,37.1931477
-121.70584380000001,37.2171477,-121.71784380000001,37.2051477
-121.70584380000001,37.2291477,-121.71784380000001,37.2171477
-121.70584380000001,37.2531477,-121.71784380000001,37.2411477
-121.70584380000001,37.2651477,-121.71784380000001,37.2531477
-121.70584380000001,37.2771477,-121.71784380000001,37.2651477
-121.70584380000001,37.2891477,-121.71784380000001,37.2771477
-121.70584380000001,37.3011477,-121.71784380000001,37.2891477
-121.70584380000001,37.3131477,-121.71784380000001,37.3011477
-121.70584380000001,37.3251477,-121.71784380000001,37.3131477
-121.70584380000001,37.3371477,-121.71784380000001,37.3251477
-121.70584380000001,37.3491477,-121.71784380000001,37.3371477
-121.70584380000001,37.361147700000004,-121.71784380000001,37.3491477
-121.70584380000001,37.373147700000004,-121.71784380000001,37.361147700000004
-121.70584380000001,37.3851477,-121.71784380000001,37.3731477
-121.70584380000001,37.3971477,-121.71784380000001,37.3851477
-121.70584380000001,37.4091477,-121.71784380000001,37.3971477
-121.70584380000001,37.4211477,-121.71784380000001,37.4091477
-121.70584380000001,37.4331477,-121.71784380000001,37.4211477
-121.70584380000001,37.4451477,-121.71784380000001,37.4331477
-121.70584380000001,37.4571477,-121.71784380000001,37.4451477
-121.70584380000001,37.4691477,-121.71784380000001,37.4571477
-121.69384380000001,37.1331477,-121.70584380000001,37.1211477
-121.69384380000001,37.1451477,-121.70584380000001,37.1331477
-121.69384380000001,37.1571477,-121.70584380000001,37.1451477
-121.69384380000001,37.1691477,-121.70584380000001,37.1571477
-121.69384380000001,37.2171477,-121.70584380000001,37.2051477
-121.69384380000001,37.2291477,-121.70584380000001,37.2171477
-121.69384380000001,37.2411477,-121.70584380000001,37.2291477
-121.69384380000001,37.2531477,-121.70584380000001,37.2411477
-121.69384380000001,37.2651477,-121.70584380000001,37.2531477
-121.69384380000001,37.2771477,-121.70584380000001,37.2651477
-121.69384380000001,37.2891477,-121.70584380000001,37.2771477
-121.69384380000001,37.3011477,-121.70584380000001,37.2891477
-121.69384380000001,37.3131477,-121.70584380000001,37.3011477
-121.69384380000001,37.3251477,-121.70584380000001,37.3131477
-121.69384380000001,37.3371477,-121.70584380000001,37.3251477
-121.69384380000001,37.3491477,-121.70584380000001,37.3371477
-121.69384380000001,37.361147700000004,-121.70584380000001,37.3491477
-121.69384380000001,37.373147700000004,-121.70584380000001,37.361147700000004
-121.69384380000001,37.3851477,-121.70584380000001,37.3731477
-121.69384380000001,37.3971477,-121.70584380000001,37.3851477
-121.69384380000001,37.4091477,-121.70584380000001,37.3971477
-121.69384380000001,37.4211477,-121.70584380000001,37.4091477
-121.69384380000001,37.4331477,-121.70584380000001,37.4211477
-121.69384380000001,37.4451477,-121.70584380000001,37.4331477
-121.69384380000001,37.4571477,-121.70584380000001,37.4451477
-121.69384380000001,37.4691477,-121.70584380000001,37.4571477
-121.68184380000001,37.1331477,-121.69384380000001,37.1211477
-121.68184380000001,37.1451477,-121.69384380000001,37.1331477
-121.68184380000001,37.1571477,-121.69384380000001,37.1451477
-121.68184380000001,37.2051477,-121.69384380000001,37.1931477
-121.68184380000001,37.2171477,-121.69384380000001,37.2051477
-121.68184380000001,37.2291477,-121.69384380000001,37.2171477
-121.68184380000001,37.2411477,-121.69384380000001,37.2291477
-121.68184380000001,37.2531477,-121.69384380000001,37.2411477
-121.68184380000001,37.2651477,-121.69384380000001,37.2531477
-121.68184380000001,37.2771477,-121.69384380000001,37.2651477
-121.68184380000001,37.2891477,-121.69384380000001,37.2771477
-121.68184380000001,37.3011477,-121.69384380000001,37.2891477
-121.68184380000001,37.3131477,-121.69384380000001,37.3011477
-121.68184380000001,37.3251477,-121.69384380000001,37.3131477
-121.68184380000001,37.3371477,-121.69384380000001,37.3251477
-121.68184380000001,37.3491477,-121.69384380000001,37.3371477
-121.68184380000001,37.361147700000004,-121.69384380000001,37.3491477
-121.68184380000001,37.373147700000004,-121.69384380000001,37.361147700000004
-121.68184380000001,37.3851477,-121.69384380000001,37.3731477
-121.68184380000001,37.3971477,-121.69384380000001,37.3851477
-121.68184380000001,37.4091477,-121.69384380000001,37.3971477
-121.68184380000001,37.4211477,-121.69384380000001,37.4091477
-121.68184380000001,37.4331477,-121.69384380000001,37.4211477
-121.68184380000001,37.4451477,-121.69384380000001,37.4331477
-121.68184380000001,37.4571477,-121.69384380000001,37.4451477
-121.68184380000001,37.4691477,-121.69384380000001,37.4571477
-121.66984380000001,37.1331477,-121.68184380000001,37.1211477
-121.66984380000001,37.1451477,-121.68184380000001,37.1331477
-121.66984380000001,37.1571477,-121.68184380000001,37.1451477
-121.66984380000001,37.1691477,-121.68184380000001,37.1571477
-121.66984380000001,37.181147700000004,-121.68184380000001,37.1691477
-121.66984380000001,37.2051477,-121.68184380000001,37.1931477
-121.66984380000001,37.2171477,-121.68184380000001,37.2051477
-121.66984380000001,37.2291477,-121.68184380000001,37.2171477
-121.66984380000001,37.2411477,-121.68184380000001,37.2291477
-121.66984380000001,37.2531477,-121.68184380000001,37.2411477
-121.66984380000001,37.2651477,-121.68184380000001,37.2531477
-121.66984380000001,37.2771477,-121.68184380000001,37.2651477
-121.66984380000001,37.2891477,-121.68184380000001,37.2771477
-121.66984380000001,37.3011477,-121.68184380000001,37.2891477
-121.66984380000001,37.3131477,-121.68184380000001,37.3011477
-121.66984380000001,37.3251477,-121.68184380000001,37.3131477
-121.66984380000001,37.3371477,-121.68184380000001,37.3251477
-121.66984380000001,37.3491477,-121.68184380000001,37.3371477
-121.66984380000001,37.361147700000004,-121.68184380000001,37.3491477
-121.66984380000001,37.373147700000004,-121.68184380000001,37.361147700000004
-121.66984380000001,37.3851477,-121.68184380000001,37.3731477
-121.66984380000001,37.3971477,-121.68184380000001,37.3851477
-121.66984380000001,37.4091477,-121.68184380000001,37.3971477
-121.66984380000001,37.4211477,-121.68184380000001,37.4091477
-121.66984380000001,37.4331477,-121.68184380000001,37.4211477
-121.66984380000001,37.4451477,-121.68184380000001,37.4331477
-121.66984380000001,37.4571477,-121.68184380000001,37.4451477
-121.66984380000001,37.4691477,-121.68184380000001,37.4571477
-121.65784380000001,37.1331477,-121.66984380000001,37.1211477
-121.65784380000001,37.1451477,-121.66984380000001,37.1331477
-121.65784380000001,37.1571477,-121.66984380000001,37.1451477
-121.65784380000001,37.1691477,-121.66984380000001,37.1571477
-121.65784380000001,37.181147700000004,-121.66984380000001,37.1691477
-121.65784380000001,37.1931477,-121.66984380000001,37.1811477
-121.65784380000001,37.2051477,-121.66984380000001,37.1931477
-121.65784380000001,37.2171477,-121.66984380000001,37.2051477
-121.65784380000001,37.2291477,-121.66984380000001,37.2171477
-121.65784380000001,37.2411477,-121.66984380000001,37.2291477
-121.65784380000001,37.2531477,-121.66984380000001,37.2411477
-121.65784380000001,37.2651477,-121.66984380000001,37.2531477
-121.65784380000001,37.2771477,-121.66984380000001,37.2651477
-121.65784380000001,37.2891477,-121.66984380000001,37.2771477
-121.65784380000001,37.3011477,-121.66984380000001,37.2891477
-121.65784380000001,37.3131477,-121.66984380000001,37.3011477
-121.65784380000001,37.3251477,-121.66984380000001,37.3131477
-121.65784380000001,37.3371477,-121.66984380000001,37.3251477
-121.65784380000001,37.3491477,-121.66984380000001,37.3371477
-121.65784380000001,37.361147700000004,-121.66984380000001,37.3491477
-121.65784380000001,37.373147700000004,-121.66984380000001,37.361147700000004
-121.65784380000001,37.3851477,-121.66984380000001,37.3731477
-121.65784380000001,37.3971477,-121.66984380000001,37.3851477
-121.65784380000001,37.4091477,-121.66984380000001,37.3971477
-121.65784380000001,37.4211477,-121.66984380000001,37.4091477
-121.65784380000001,37.4331477,-121.66984380000001,37.4211477
-121.65784380000001,37.4451477,-121.66984380000001,37.4331477
-121.65784380000001,37.4571477,-121.66984380000001,37.4451477
-121.65784380000001,37.4691477,-121.66984380000001,37.4571477
-121.64584380000001,37.1331477,-121.65784380000001,37.1211477
-121.64584380000001,37.1451477,-121.65784380000001,37.1331477
-121.64584380000001,37.1571477,-121.65784380000001,37.1451477
-121.64584380000001,37.1691477,-121.65784380000001,37.1571477
-121.64584380000001,37.181147700000004,-121.65784380000001,37.1691477
-121.64584380000001,37.1931477,-121.65784380000001,37.1811477
-121.64584380000001,37.2051477,-121.65784380000001,37.1931477
-121.64584380000001,37.2171477,-121.65784380000001,37.2051477
-121.64584380000001,37.2291477,-121.65784380000001,37.2171477
-121.64584380000001,37.2411477,-121.65784380000001,37.2291477
-121.64584380000001,37.2531477,-121.65784380000001,37.2411477
-121.64584380000001,37.2651477,-121.65784380000001,37.2531477
-121.64584380000001,37.2771477,-121.65784380000001,37.2651477
-121.64584380000001,37.2891477,-121.65784380000001,37.2771477
-121.64584380000001,37.3011477,-121.65784380000001,37.2891477
-121.64584380000001,37.3131477,-121.65784380000001,37.3011477
-121.64584380000001,37.3251477,-121.65784380000001,37.3131477
-121.64584380000001,37.3371477,-121.65784380000001,37.3251477
-121.64584380000001,37.3491477,-121.65784380000001,37.3371477
-121.64584380000001,37.361147700000004,-121.65784380000001,37.3491477
-121.64584380000001,37.373147700000004,-121.65784380000001,37.361147700000004
-121.64584380000001,37.3851477,-121.65784380000001,37.3731477
-121.64584380000001,37.3971477,-121.65784380000001,37.3851477
-121.64584380000001,37.4091477,-121.65784380000001,37.3971477
-121.64584380000001,37.4211477,-121.65784380000001,37.4091477
-121.64584380000001,37.4331477,-121.65784380000001,37.4211477
-121.64584380000001,37.4451477,-121.65784380000001,37.4331477
-121.64584380000001,37.4571477,-121.65784380000001,37.4451477
-121.64584380000001,37.4691477,-121.65784380000001,37.4571477
-121.63384380000001,37.1331477,-121.64584380000001,37.1211477
-121.63384380000001,37.1451477,-121.64584380000001,37.1331477
-121.63384380000001,37.1571477,-121.64584380000001,37.1451477
-121.63384380000001,37.181147700000004,-121.64584380000001,37.1691477
-121.63384380000001,37.1931477,-121.64584380000001,37.1811477
-121.63384380000001,37.2051477,-121.64584380000001,37.1931477
-121.63384380000001,37.2171477,-121.64584380000001,37.2051477
-121.63384380000001,37.2291477,-121.64584380000001,37.2171477
-121.63384380000001,37.2411477,-121.64584380000001,37.2291477
-121.63384380000001,37.2531477,-121.64584380000001,37.2411477
-121.63384380000001,37.2651477,-121.64584380000001,37.2531477
-121.63384380000001,37.2771477,-121.64584380000001,37.2651477
-121.63384380000001,37.2891477,-121.64584380000001,37.2771477
-121.63384380000001,37.3011477,-121.64584380000001,37.2891477
-121.63384380000001,37.3131477,-121.64584380000001,37.3011477
-121.63384380000001,37.3251477,-121.64584380000001,37.3131477
-121.63384380000001,37.3371477,-121.64584380000001,37.3251477
-121.63384380000001,37.3491477,-121.64584380000001,37.3371477
-121.63384380000001,37.361147700000004,-121.64584380000001,37.3491477
-121.63384380000001,37.373147700000004,-121.64584380000001,37.361147700000004
-121.63384380000001,37.3851477,-121.64584380000001,37.3731477
-121.63384380000001,37.3971477,-121.64584380000001,37.3851477
-121.63384380000001,37.4091477,-121.64584380000001,37.3971477
-121.63384380000001,37.4211477,-121.64584380000001,37.4091477
-121.63384380000001,37.4331477,-121.64584380000001,37.4211477
-121.63384380000001,37.4451477,-121.64584380000001,37.4331477
-121.63384380000001,37.4571477,-121.64584380000001,37.4451477
-121.63384380000001,37.4691477,-121.64584380000001,37.4571477
-121.62184380000001,37.1331477,-121.63384380000001,37.1211477
-121.62184380000001,37.1451477,-121.63384380000001,37.1331477
-121.62184380000001,37.1571477,-121.63384380000001,37.1451477
-121.62184380000001,37.181147700000004,-121.63384380000001,37.1691477
-121.62184380000001,37.1931477,-121.63384380000001,37.1811477
-121.62184380000001,37.2051477,-121.63384380000001,37.1931477
-121.62184380000001,37.2171477,-121.63384380000001,37.2051477
-121.62184380000001,37.2291477,-121.63384380000001,37.2171477
-121.62184380000001,37.2411477,-121.63384380000001,37.2291477
-121.62184380000001,37.2531477,-121.63384380000001,37.2411477
-121.62184380000001,37.2651477,-121.63384380000001,37.2531477
-121.62184380000001,37.2771477,-121.63384380000001,37.2651477
-121.62184380000001,37.2891477,-121.63384380000001,37.2771477
-121.62184380000001,37.3011477,-121.63384380000001,37.2891477
-121.62184380000001,37.3131477,-121.63384380000001,37.3011477
-121.62184380000001,37.3251477,-121.63384380000001,37.3131477
-121.62184380000001,37.3371477,-121.63384380000001,37.3251477
-121.62184380000001,37.3491477,-121.63384380000001,37.3371477
-121.62184380000001,37.361147700000004,-121.63384380000001,37.3491477
-121.62184380000001,37.373147700000004,-121.63384380000001,37.361147700000004
-121.62184380000001,37.3851477,-121.63384380000001,37.3731477
-121.62184380000001,37.3971477,-121.63384380000001,37.3851477
-121.62184380000001,37.4091477,-121.63384380000001,37.3971477
-121.62184380000001,37.4211477,-121.63384380000001,37.4091477
-121.62184380000001,37.4331477,-121.63384380000001,37.4211477
-121.62184380000001,37.4451477,-121.63384380000001,37.4331477
-121.62184380000001,37.4571477,-121.63384380000001,37.4451477
-121.62184380000001,37.4691477,-121.63384380000001,37.4571477
-121.60984380000001,37.1331477,-121.62184380000001,37.1211477
-121.60984380000001,37.1451477,-121.62184380000001,37.1331477
-121.60984380000001,37.1571477,-121.62184380000001,37.1451477
-121.60984380000001,37.1691477,-121.62184380000001,37.1571477
-121.60984380000001,37.181147700000004,-121.62184380000001,37.1691477
-121.60984380000001,37.1931477,-121.62184380000001,37.1811477
-121.60984380000001,37.2051477,-121.62184380000001,37.1931477
-121.60984380000001,37.2171477,-121.62184380000001,37.2051477
-121.60984380000001,37.2291477,-121.62184380000001,37.2171477
-121.60984380000001,37.2411477,-121.62184380000001,37.2291477
-121.60984380000001,37.2531477,-121.62184380000001,37.2411477
-121.60984380000001,37.2651477,-121.62184380000001,37.2531477
-121.60984380000001,37.2771477,-121.62184380000001,37.2651477
-121.60984380000001,37.2891477,-121.62184380000001,37.2771477
-121.60984380000001,37.3011477,-121.62184380000001,37.2891477
-121.60984380000001,37.3131477,-121.62184380000001,37.3011477
-121.60984380000001,37.3251477,-121.62184380000001,37.3131477
-121.60984380000001,37.3371477,-121.62184380000001,37.3251477
-121.60984380000001,37.3491477,-121.62184380000001,37.3371477
-121.60984380000001,37.361147700000004,-121.62184380000001,37.3491477
-121.60984380000001,37.373147700000004,-121.62184380000001,37.361147700000004
-121.60984380000001,37.3851477,-121.62184380000001,37.3731477
-121.60984380000001,37.3971477,-121.62184380000001,37.3851477
-121.60984380000001,37.4091477,-121.62184380000001,37.3971477
-121.60984380000001,37.4211477,-121.62184380000001,37.4091477
-121.60984380000001,37.4331477,-121.62184380000001,37.4211477
-121.60984380000001,37.4451477,-121.62184380000001,37.4331477
-121.60984380000001,37.4571477,-121.62184380000001,37.4451477
-121.60984380000001,37.4691477,-121.62184380000001,37.4571477
-121.5978438,37.1331477,-121.60984380000001,37.1211477
-121.5978438,37.1451477,-121.60984380000001,37.1331477
-121.5978438,37.1571477,-121.60984380000001,37.1451477
-121.5978438,37.1691477,-121.60984380000001,37.1571477
-121.5978438,37.181147700000004,-121.60984380000001,37.1691477
-121.5978438,37.1931477,-121.60984380000001,37.1811477
-121.5978438,37.2051477,-121.60984380000001,37.1931477
-121.5978438,37.2171477,-121.60984380000001,37.2051477
-121.5978438,37.2291477,-121.60984380000001,37.2171477
-121.5978438,37.2411477,-121.60984380000001,37.2291477
-121.5978438,37.2531477,-121.60984380000001,37.2411477
-121.5978438,37.2651477,-121.60984380000001,37.2531477
-121.5978438,37.2771477,-121.60984380000001,37.2651477
-121.5978438,37.2891477,-121.60984380000001,37.2771477
-121.5978438,37.3011477,-121.60984380000001,37.2891477
-121.5978438,37.3131477,-121.60984380000001,37.3011477
-121.5978438,37.3251477,-121.60984380000001,37.3131477
-121.5978438,37.3371477,-121.60984380000001,37.3251477
-121.5978438,37.3491477,-121.60984380000001,37.3371477
-121.5978438,37.361147700000004,-121.60984380000001,37.3491477
-121.5978438,37.373147700000004,-121.60984380000001,37.361147700000004
-121.5978438,37.3851477,-121.60984380000001,37.3731477
-121.5978438,37.3971477,-121.60984380000001,37.3851477
-121.5978438,37.4091477,-121.60984380000001,37.3971477
-121.5978438,37.4211477,-121.60984380000001,37.4091477
-121.5978438,37.4331477,-121.60984380000001,37.4211477
-121.5978438,37.4451477,-121.60984380000001,37.4331477
-121.5978438,37.4571477,-121.60984380000001,37.4451477
-121.5978438,37.4691477,-121.60984380000001,37.4571477
-121.5858438,37.1331477,-121.5978438,37.1211477
-121.5858438,37.1451477,-121.5978438,37.1331477
-121.5858438,37.1571477,-121.5978438,37.1451477
-121.5858438,37.1691477,-121.5978438,37.1571477
-121.5858438,37.181147700000004,-121.5978438,37.1691477
-121.5858438,37.1931477,-121.5978438,37.1811477
-121.5858438,37.2051477,-121.5978438,37.1931477
-121.5858438,37.2171477,-121.5978438,37.2051477
-121.5858438,37.2291477,-121.5978438,37.2171477
-121.5858438,37.2411477,-121.5978438,37.2291477
-121.5858438,37.2531477,-121.5978438,37.2411477
-121.5858438,37.2651477,-121.5978438,37.2531477
-121.5858438,37.2771477,-121.5978438,37.2651477
-121.5858438,37.2891477,-121.5978438,37.2771477
-121.5858438,37.3011477,-121.5978438,37.2891477
-121.5858438,37.3131477,-121.5978438,37.3011477
-121.5858438,37.3251477,-121.5978438,37.3131477
-121.5858438,37.3371477,-121.5978438,37.3251477
-121.5858438,37.3491477,-121.5978438,37.3371477
-121.5858438,37.361147700000004,-121.5978438,37.3491477
-121.5858438,37.373147700000004,-121.5978438,37.361147700000004
-121.5858438,37.3851477,-121.5978438,37.3731477
-121.5858438,37.3971477,-121.5978438,37.3851477
-121.5858438,37.4091477,-121.5978438,37.3971477
-121.5858438,37.4211477,-121.5978438,37.4091477
-121.5858438,37.4331477,-121.5978438,37.4211477
-121.5858438,37.4451477,-121.5978438,37.4331477
-121.5858438,37.4571477,-121.5978438,37.4451477
-121.5858438,37.4691477,-121.5978438,37.4571477
