,lat,lon,sz,names,len_cat
0,44.7914025,-79.8681333,2,Islandview Lane (604),a
1,44.7916955,-79.8683138,2,Islandview Lane (605),a
2,44.7802982,-79.8725663,2,Estate Court (942),a
3,44.7800983,-79.8732907,2,Estate Court (959),a
4,44.7803101,-79.8728568,2,Estate Court (952),a
5,44.7830219,-79.8734708,2,Midland Point Road (394),a
6,44.7803603,-79.872464,2,Estate Court (943),a
7,44.7805066,-79.8727013,2,Estate Court (949),a
8,44.7856102,-79.8665662,2,Lakewood Drive (131),a
9,44.7871939,-79.8667214,2,Islandview Lane (596),a
10,44.7909053,-79.8679224,2,Islandview Lane (603),a
11,44.7807725,-79.8685381,2,Lakewood Drive (115),a
12,44.789277,-79.8670925,2,Islandview Lane (601),a
13,44.7901644,-79.8675768,2,Islandview Lane (602),a
14,44.7858486,-79.8666292,2,Lakewood Drive (133),a
15,44.7827669,-79.8740825,2,Midland Point Road (393),a
16,44.7858486,-79.8666292,2,Islandview Lane (592),a
17,44.7851536,-79.8664949,2,Lakewood Drive (129),a
18,44.7808376,-79.8681665,2,Lakewood Drive (116),a
19,44.7831065,-79.8667316,2,Lakewood Drive (125),a
20,44.7888089,-79.8670011,2,Islandview Lane (599),a
21,44.7846053,-79.8697237,2,Midland Point Road (398),a
22,44.7864649,-79.8666609,2,Islandview Lane (595),a
23,44.781635,-79.8673455,2,Lakewood Drive (122),a
24,44.7794599,-79.8742764,2,Estate Court (957),a
25,44.7858972,-79.8666102,2,Islandview Lane (593),a
26,44.7880394,-79.8668688,2,Islandview Lane (597),a
27,44.7858565,-79.8667264,2,Midland Point Road (400),a
28,44.7858486,-79.8666292,2,Midland Point Road (401),a
29,44.7812209,-79.8675864,2,Lakewood Drive (120),a
30,44.7859915,-79.8665764,2,Islandview Lane (594),a
31,44.7805144,-79.8725748,2,Estate Court (947),a
32,44.7810754,-79.867702,2,Lakewood Drive (119),a
33,44.7813672,-79.8675056,2,Lakewood Drive (121),a
34,44.7845265,-79.8699528,2,Midland Point Road (397),a
35,44.7858226,-79.8668591,2,Midland Point Road (399),a
36,44.7853928,-79.8665228,2,Lakewood Drive (130),a
37,44.7889896,-79.8669823,2,Islandview Lane (600),a
38,44.7804593,-79.8724621,2,Estate Court (944),a
39,44.7809729,-79.8678129,2,Lakewood Drive (118),a
40,44.7808936,-79.8679437,2,Lakewood Drive (117),a
41,44.7883589,-79.8668816,2,Islandview Lane (598),a
42,44.7836818,-79.8719285,2,Midland Point Road (395),a
43,44.7823491,-79.8669992,2,Lakewood Drive (123),a
44,44.7837439,-79.8665959,2,Lakewood Drive (126),a
45,44.7842791,-79.866506,2,Lakewood Drive (127),a
46,44.7857908,-79.8666103,2,Lakewood Drive (132),a
47,44.7844115,-79.8701573,2,Midland Point Road (396),a
48,44.7803101,-79.8728568,2,Estate Court (961),a
49,44.7846966,-79.8664858,2,Lakewood Drive (128),a
50,44.7803101,-79.8728568,2,Estate Court (939),a
51,44.7827317,-79.8668677,2,Lakewood Drive (124),a
52,44.7862507,-79.8812468,2,Curry Road (559),a
53,44.7797763,-79.8812668,2,Midland Point Road (366),a
54,44.7796437,-79.8755647,2,Curry Road (096),a
55,44.7800983,-79.8732907,2,Estate Court (959),a
56,44.7830219,-79.8734708,2,Midland Point Road (394),a
57,44.7805066,-79.8727013,2,Estate Court (949),a
58,44.7789655,-79.875016,2,Curry Road (082),a
59,44.7797847,-79.8756822,2,Curry Road (097),a
60,44.7814949,-79.8772332,2,Midland Point Road (368),a
61,44.7803101,-79.8728568,2,Estate Court (952),a
62,44.7814949,-79.8772332,2,Curry Road (101),a
63,44.7797763,-79.8812668,2,Midland Point Road (365),a
64,44.7827669,-79.8740825,2,Midland Point Road (393),a
65,44.7789655,-79.875016,2,Curry Road (086),a
66,44.780055,-79.8759425,2,Curry Road (099),a
67,44.7803101,-79.8728568,2,Estate Court (939),a
68,44.7814949,-79.8772332,2,Curry Road (088),a
69,44.77908,-79.875104,2,Estate Court (954),a
70,44.77908,-79.875104,2,Curry Road (094),a
71,44.7801543,-79.8760512,2,Curry Road (100),a
72,44.77908,-79.875104,2,Curry Road (087),a
73,44.7803101,-79.8728568,2,Estate Court (961),a
74,44.7862507,-79.8812468,2,Curry Road (091),a
75,44.7794599,-79.8742764,2,Estate Court (957),a
76,44.7794086,-79.8753937,2,Curry Road (095),a
77,44.7799219,-79.8758082,2,Curry Road (098),a
78,44.7814949,-79.8772332,2,Midland Point Road (359),a
79,44.7824333,-79.875016,2,Midland Point Road (360),a
80,44.7811501,-79.878056,2,Midland Point Road (367),a
81,44.7791191,-79.875016,2,Estate Court (955),a
82,44.7824333,-79.875016,2,Midland Point Road (392),a
83,44.7783951,-79.8745719,2,Curry Road (080),a
84,44.7779651,-79.8742296,2,Curry Road (084),a
85,44.7723644,-79.8813921,2,Puddicombe Road (523),a
86,44.774576,-79.8831127,2,Puddicombe Road (522),a
87,44.7731957,-79.8858357,2,Glenbrook Drive (903),a
88,44.7786981,-79.8838422,2,Midland Point Road (386),a
89,44.7786981,-79.8838422,2,Midland Point Road (364),a
90,44.774576,-79.8831127,2,Puddicombe Road (525),a
91,44.7728781,-79.8817194,2,Puddicombe Road (521),a
92,44.7728781,-79.8817194,2,Puddicombe Road (524),a
93,44.7783951,-79.8745719,2,Curry Road (085),a
94,44.7789655,-79.875016,2,Curry Road (082),a
95,44.7789655,-79.875016,2,Curry Road (086),a
96,44.7778859,-79.8857824,2,Midland Point Road (385),a
97,44.7715985,-79.8929883,2,Forest Hill Court (084),a
98,44.7713173,-79.8945819,2,Portage Park Lane (486),a
99,44.7695545,-79.8981325,2,Gawley Drive (570),a
100,44.7722603,-79.8916972,2,Portage Park Lane (477),a
101,44.7730155,-79.888729,2,Glenbrook Drive (887),a
102,44.7715985,-79.8929883,2,Portage Park Lane (466),a
103,44.7752759,-79.8884164,2,Glenbrook Drive (895),a
104,44.7760775,-79.8901038,2,Midland Point Road (369),a
105,44.7722971,-79.8933889,2,Forest Hill Court (088),a
106,44.7713557,-79.8938412,2,Portage Park Lane (469),a
107,44.7713936,-79.8947837,2,Portage Park Lane (488),a
108,44.7730945,-79.8935929,2,Midland Point Road (376),a
109,44.7752782,-79.8884667,2,Glenbrook Drive (896),a
110,44.7719301,-79.8957323,2,Midland Point Road (389),a
111,44.772666,-79.8906037,2,Portage Park Lane (482),a
112,44.7752501,-79.8883226,2,Glenbrook Drive (893),a
113,44.7726338,-79.8941537,2,Midland Point Road (374),a
114,44.7755069,-79.8914794,2,Midland Point Road (383),a
115,44.7728787,-79.8886182,2,Glenbrook Drive (885),a
116,44.7726338,-79.8941537,2,Midland Point Road (391),a
117,44.7778859,-79.8857824,2,Puddicombe Road (526),a
118,44.7712919,-79.8942392,2,Portage Park Lane (472),a
119,44.7715985,-79.8929883,2,Portage Park Lane (475),a
120,44.7725675,-79.8910967,2,Portage Park Lane (479),a
121,44.7725888,-79.8901018,2,Portage Park Lane (465),a
122,44.7726461,-79.8878886,2,Glenbrook Drive (877),a
123,44.7728295,-79.8885582,2,Glenbrook Drive (884),a
124,44.7750262,-79.88963,2,Glenbrook Drive (899),a
125,44.7729056,-79.8937768,2,Midland Point Road (375),a
126,44.772519,-79.8943806,2,Midland Point Road (390),a
127,44.7761315,-79.8899716,2,Midland Point Road (370),a
128,44.7696345,-79.8964347,2,Gawley Drive (571),a
129,44.770582,-79.8964845,2,Parkview Court (925),a
130,44.7713173,-79.8945819,2,Portage Park Lane (474),a
131,44.7750262,-79.88963,2,Glenbrook Drive (888),a
132,44.7696773,-79.8953045,2,Gawley Drive (573),a
133,44.7751832,-79.8882366,2,Glenbrook Drive (891),a
134,44.7726136,-79.8899689,2,Portage Park Lane (464),a
135,44.7760775,-79.8901038,2,Midland Point Road (384),a
136,44.7726289,-79.8909224,2,Portage Park Lane (480),a
137,44.7726411,-79.8904029,2,Portage Park Lane (483),a
138,44.772747,-79.888417,2,Glenbrook Drive (882),a
139,44.7715673,-79.8930791,2,Portage Park Lane (467),a
140,44.7719301,-79.8957323,2,Midland Point Road (358),a
141,44.772655,-79.8880629,2,Glenbrook Drive (879),a
142,44.7786981,-79.8838422,2,Midland Point Road (386),a
143,44.7727147,-79.8883375,2,Glenbrook Drive (881),a
144,44.7713982,-79.8937011,2,Portage Park Lane (468),a
145,44.7726809,-79.88822,2,Glenbrook Drive (880),a
146,44.7752277,-79.8882832,2,Glenbrook Drive (892),a
147,44.7752664,-79.8883677,2,Glenbrook Drive (894),a
148,44.7718216,-79.892521,2,Portage Park Lane (476),a
149,44.7729086,-79.886628,2,Glenbrook Drive (874),a
150,44.7731957,-79.8858357,2,Glenbrook Drive (903),a
151,44.7714088,-79.8970294,2,Midland Point Road (357),a
152,44.7753112,-79.8917618,2,Midland Point Road (381),a
153,44.7725888,-79.8901018,2,Portage Park Lane (461),a
154,44.772568,-79.8899066,2,Portage Park Lane (463),a
155,44.7727855,-79.8884908,2,Glenbrook Drive (883),a
156,44.7729324,-79.8886701,2,Glenbrook Drive (886),a
157,44.7729086,-79.886628,2,Glenbrook Drive (889),a
158,44.7738576,-79.8872949,2,Glenbrook Drive (890),a
159,44.7760775,-79.8901038,2,Glenbrook Drive (900),a
160,44.7786981,-79.8838422,2,Midland Point Road (364),a
161,44.7725236,-79.8899707,2,Portage Park Lane (462),a
162,44.7735426,-79.8932456,2,Midland Point Road (377),a
163,44.7750262,-79.88963,2,Glenbrook Drive (898),a
164,44.7751202,-79.8919375,2,Midland Point Road (379),a
165,44.7754122,-79.891641,2,Midland Point Road (382),a
166,44.7713221,-79.893992,2,Portage Park Lane (470),a
167,44.771362,-79.8946933,2,Portage Park Lane (487),a
168,44.7727789,-79.8871018,2,Glenbrook Drive (875),a
169,44.7726469,-79.8879761,2,Glenbrook Drive (878),a
170,44.7696345,-79.8964347,2,Gawley Drive (572),a
171,44.7696345,-79.8964347,2,Parkview Court (924),a
172,44.7752732,-79.8885167,2,Glenbrook Drive (897),a
173,44.772599,-79.8901984,2,Portage Park Lane (484),a
174,44.7729086,-79.886628,2,Glenbrook Drive (901),a
175,44.7730274,-79.8862447,2,Glenbrook Drive (902),a
176,44.7766566,-79.8887362,2,Midland Point Road (371),a
177,44.772438,-79.8913407,2,Portage Park Lane (478),a
178,44.7715363,-79.8950541,2,Portage Park Lane (489),a
179,44.7713034,-79.8941148,2,Portage Park Lane (471),a
180,44.7726619,-79.8907769,2,Portage Park Lane (481),a
181,44.7712885,-79.8944367,2,Portage Park Lane (473),a
182,44.7719301,-79.8957323,2,Portage Park Lane (490),a
183,44.7726525,-79.8878016,2,Glenbrook Drive (876),a
184,44.7778859,-79.8857824,2,Midland Point Road (372),a
185,44.7725888,-79.8901018,2,Portage Park Lane (485),a
186,44.7695545,-79.8981325,2,Gawley Drive (570),a
187,44.7692722,-79.9020841,2,Midland Point Road (387),a
188,44.769377,-79.9016524,2,Gawley Drive (566),a
189,44.7705812,-79.8989852,2,Midland Point Road (356),a
190,44.7754627,-79.9074626,2,Fuller Avenue (982),a
191,44.7695613,-79.9023459,2,Fuller Avenue (386),a
192,44.7692722,-79.9020841,2,Fuller Avenue (383),a
193,44.7714088,-79.8970294,2,Midland Point Road (357),a
194,44.7697938,-79.9008227,2,Midland Point Road (362),a
195,44.7693678,-79.9014626,2,Gawley Drive (567),a
196,44.7705812,-79.8989852,2,Midland Point Road (363),a
197,44.7693714,-79.901829,2,Gawley Drive (565),a
198,44.769395,-79.9008289,2,Gawley Drive (568),a
199,44.770582,-79.8964845,2,Parkview Court (925),a
200,44.7693714,-79.901829,2,Midland Point Road (388),a
201,44.7692722,-79.9020841,2,Fuller Avenue (413),a
202,44.7677337,-79.9007511,2,Fuller Avenue (409),a
203,44.7693714,-79.901829,2,Midland Point Road (361),a
204,44.7754627,-79.9074626,2,Fuller Avenue (982),a
205,44.7583874,-79.8782001,2,Bayshore Drive (931),a
206,44.7576742,-79.8810294,2,Bayshore Drive (925),a
207,44.7550397,-79.8841799,2,Bayshore Drive (087),a
208,44.7550265,-79.8840503,2,Manly Street (221),a
209,44.754975,-79.8839244,2,Manly Street (220),a
210,44.7550626,-79.8841554,2,Manly Street (222),a
211,44.7550626,-79.8841554,2,Bayshore Drive (942),a
212,44.7573988,-79.8814964,2,Bayshore Drive (924),a
213,44.7571275,-79.881836,2,Bayshore Drive (923),a
214,44.7559525,-79.8831979,2,Bayshore Drive (922),a
215,44.7583296,-79.8788455,2,Bayshore Drive (929),a
216,44.7578608,-79.880606,2,Bayshore Drive (926),a
217,44.7583653,-79.8785097,2,Bayshore Drive (930),a
218,44.7580299,-79.8801477,2,Bayshore Drive (927),a
219,44.756282,-79.882816,2,Bayshore Drive (079),a
220,44.7582323,-79.8793932,2,Bayshore Drive (928),a
221,44.7550005,-79.8741663,2,Hugel Avenue (202),a
222,44.7550626,-79.8841554,2,Bayshore Drive (921),a
223,44.7552669,-79.9221102,2,Murray Road (499),a
224,44.761168,-79.9212678,2,Brunelle Sideroad (462),a
225,44.7552669,-79.9221102,2,Murray Road (499),a
226,44.761168,-79.9212678,2,Brunelle Sideroad (462),a
227,44.7551058,-79.9271691,2,County Road 93 (946),a
228,44.7564785,-79.9269488,2,County Road 93 (948),a
229,44.7559289,-79.9270292,2,County Road 93 (947),a
230,44.743152,-79.8561136,2,Pillsbury Drive (223),a
231,44.7431722,-79.856104,2,Pillsbury Drive (460),a
232,44.744686,-79.856152,2,Aberdeen Boulevard (765),a
233,44.7439753,-79.8557286,2,Aberdeen Boulevard (734),a
234,44.744576,-79.8560124,2,Aberdeen Boulevard (763),a
235,44.744877,-79.8557891,2,Riverwalk Place (627),a
236,44.7471291,-79.8605369,2,Taylor Drive (503),a
237,44.744133,-79.8557178,2,Aberdeen Boulevard (759),a
238,44.744686,-79.856152,2,Aberdeen Boulevard (764),a
239,44.7447941,-79.8562892,2,Aberdeen Boulevard (766),a
240,44.7438325,-79.8557779,2,Aberdeen Boulevard (731),a
241,44.7444472,-79.8558717,2,Aberdeen Boulevard (762),a
242,44.7449486,-79.8564768,2,Aberdeen Boulevard (767),a
243,44.7440918,-79.8549989,2,Riverwalk Place (674),a
244,44.7448043,-79.8559447,2,Riverwalk Place (626),a
245,44.7447345,-79.8543847,2,Riverwalk Place (633),a
246,44.7438325,-79.8557779,2,Pillsbury Drive (227),a
247,44.7430303,-79.8528206,2,Riverwalk Place (638),a
248,44.743769,-79.8544502,2,Riverwalk Place (663),a
249,44.744686,-79.856152,2,Riverwalk Place (625),a
250,44.7483731,-79.8610794,2,Aberdeen Boulevard (770),a
251,44.7471889,-79.8603829,2,Taylor Drive (500),a
252,44.7475174,-79.8598922,2,Aberdeen Boulevard (769),a
253,44.744133,-79.8557178,2,Aberdeen Boulevard (736),a
254,44.7475174,-79.8598922,2,Taylor Drive (498),a
255,44.7462744,-79.8582417,2,Aberdeen Boulevard (152),a
256,44.7474357,-79.8621032,2,Taylor Drive (508),a
257,44.7473379,-79.8615409,2,Taylor Drive (507),a
258,44.7446757,-79.8542415,2,Riverwalk Place (634),a
259,44.7446022,-79.8541352,2,Riverwalk Place (636),a
260,44.7473868,-79.8618641,2,Taylor Drive (162),a
261,44.7439412,-79.8546593,2,Riverwalk Place (669),a
262,44.7485431,-79.8613124,2,Aberdeen Boulevard (158),a
263,44.7441354,-79.8551667,2,Riverwalk Place (677),a
264,44.7441412,-79.8555475,2,Riverwalk Place (682),a
265,44.7442414,-79.855747,2,Aberdeen Boulevard (760),a
266,44.7449206,-79.855654,2,Riverwalk Place (628),a
267,44.744022,-79.8548023,2,Riverwalk Place (671),a
268,44.744147,-79.8554042,2,Riverwalk Place (679),a
269,44.7471782,-79.8606816,2,Taylor Drive (504),a
270,44.7438853,-79.8545689,2,Riverwalk Place (666),a
271,44.7472294,-79.8608855,2,Taylor Drive (506),a
272,44.7449235,-79.8555189,2,Riverwalk Place (629),a
273,44.7448973,-79.8553264,2,Riverwalk Place (630),a
274,44.7455783,-79.8573156,2,Aberdeen Boulevard (956),a
275,44.746741,-79.8588569,2,Aberdeen Boulevard (768),a
276,44.7443596,-79.8558043,2,Aberdeen Boulevard (761),a
277,44.744133,-79.8557178,2,Riverwalk Place (685),a
278,44.743557,-79.8559189,2,Pillsbury Drive (225),a
279,44.747149,-79.8604376,2,Taylor Drive (501),a
280,44.7456498,-79.8574108,2,Aberdeen Boulevard (151),a
281,44.7471275,-79.8604872,2,Taylor Drive (161),a
282,44.7524738,-79.8653375,2,Aberdeen Boulevard (752),a
283,44.7500169,-79.8640893,2,Taylor Drive (521),a
284,44.7473868,-79.8618641,2,Taylor Drive (162),a
285,44.7490412,-79.8641146,2,Taylor Drive (168),a
286,44.7481367,-79.8644442,2,Taylor Drive (512),a
287,44.7471889,-79.8603829,2,Taylor Drive (500),a
288,44.748063,-79.8642922,2,Taylor Drive (511),a
289,44.7503372,-79.8632768,2,Aberdeen Boulevard (738),a
290,44.749105,-79.8641151,2,Taylor Drive (517),a
291,44.748205,-79.8644963,2,Taylor Drive (159),a
292,44.7496617,-79.8626943,2,Aberdeen Boulevard (157),a
293,44.7497812,-79.8628334,2,Aberdeen Boulevard (771),a
294,44.7533716,-79.8670968,2,Aberdeen Boulevard (094),a
295,44.749809,-79.8641363,2,Taylor Drive (165),a
296,44.7500691,-79.8640494,2,Taylor Drive (523),a
297,44.7494168,-79.8641587,2,Taylor Drive (518),a
298,44.7484166,-79.864465,2,Taylor Drive (514),a
299,44.7503372,-79.8632768,2,Taylor Drive (525),a
300,44.7503372,-79.8632768,2,Aberdeen Boulevard (772),a
301,44.7472294,-79.8608855,2,Taylor Drive (506),a
302,44.7521077,-79.8648523,2,Aberdeen Boulevard (750),a
303,44.7530521,-79.8664175,2,Aberdeen Boulevard (757),a
304,44.7471782,-79.8606816,2,Taylor Drive (504),a
305,44.7476639,-79.8629445,2,Taylor Drive (510),a
306,44.7482674,-79.8645188,2,Taylor Drive (160),a
307,44.7499376,-79.8641209,2,Taylor Drive (520),a
308,44.7483264,-79.864518,2,Taylor Drive (513),a
309,44.7489807,-79.8641235,2,Taylor Drive (164),a
310,44.7474357,-79.8621032,2,Taylor Drive (508),a
311,44.7473379,-79.8615409,2,Taylor Drive (507),a
312,44.7483731,-79.8610794,2,Aberdeen Boulevard (770),a
313,44.7527658,-79.8658223,2,Aberdeen Boulevard (755),a
314,44.7512071,-79.8639098,2,Aberdeen Boulevard (745),a
315,44.7507532,-79.8635271,2,Aberdeen Boulevard (742),a
316,44.7518982,-79.8646037,2,Aberdeen Boulevard (747),a
317,44.7471291,-79.8605369,2,Taylor Drive (503),a
318,44.7485431,-79.8613124,2,Aberdeen Boulevard (158),a
319,44.7501153,-79.863969,2,Taylor Drive (169),a
320,44.7492592,-79.8641381,2,Taylor Drive (166),a
321,44.7487891,-79.8642062,2,Taylor Drive (167),a
322,44.7480932,-79.8643764,2,Taylor Drive (163),a
323,44.747149,-79.8604376,2,Taylor Drive (501),a
324,44.748863,-79.8641622,2,Taylor Drive (516),a
325,44.7471275,-79.8604872,2,Taylor Drive (161),a
326,44.7504046,-79.8633066,2,Aberdeen Boulevard (740),a
327,44.7499224,-79.8629641,2,Aberdeen Boulevard (156),a
328,44.7512929,-79.8826434,2,Hugel Avenue (158),a
329,44.7536939,-79.8851365,2,Bayshore Drive (939),a
330,44.7539047,-79.8846353,2,Gloucester Street (417),a
331,44.7544759,-79.8834402,2,Manly Street (218),a
332,44.7484222,-79.8841473,2,Elizabeth Street (043),a
333,44.7518808,-79.8812729,2,Manly Street (217),a
334,44.7499999,-79.8834685,2,Midland Avenue (124),a
335,44.7482509,-79.884559,2,Elizabeth Street (041),a
336,44.7530085,-79.8840884,2,Queen Street (264),a
337,44.753612,-79.8827282,2,Manly Street (233),a
338,44.7518808,-79.8812729,2,Manly Street (235),a
339,44.7518808,-79.8812729,2,Hugel Avenue (236),a
340,44.7499212,-79.8834023,2,Midland Avenue (042),a
341,44.7538416,-79.8846797,2,Queen Street (266),a
342,44.7533786,-79.8843753,2,Queen Street (457),a
343,44.7548648,-79.8843368,2,Bayshore Drive (941),a
344,44.7505121,-79.8819983,2,Queen Street (036),a
345,44.7538917,-79.8850089,2,Bayshore Drive (086),a
346,44.7503846,-79.881893,2,Queen Street (035),a
347,44.7512929,-79.8826434,2,Queen Street (263),a
348,44.7530085,-79.8840884,2,Queen Street (270),a
349,44.7544759,-79.8834402,2,Gloucester Street (404),a
350,44.7544185,-79.8846677,2,Bayshore Drive (940),a
351,44.7506942,-79.8840193,2,Hugel Avenue (211),a
352,44.7544759,-79.8834402,2,Gloucester Street (419),a
353,44.7548302,-79.8837565,2,Manly Street (219),a
354,44.7544759,-79.8834402,2,Manly Street (234),a
355,44.7506942,-79.8840193,2,Midland Avenue (110),a
356,44.7484222,-79.8841473,2,Elizabeth Street (045),a
357,44.7512929,-79.8826434,2,Queen Street (277),a
358,44.7549538,-79.8742741,2,Hugel Avenue (200),a
359,44.7502114,-79.8836392,2,Midland Avenue (119),a
360,44.7500655,-79.8835214,2,Midland Avenue (118),a
361,44.7498021,-79.8833022,2,Midland Avenue (041),a
362,44.7506942,-79.8840193,2,Midland Avenue (125),a
363,44.7499999,-79.8834685,2,Midland Avenue (109),a
364,44.7519892,-79.8810235,2,Hugel Avenue (083),a
365,44.7537573,-79.884669,2,Queen Street (265),a
366,44.7521468,-79.8806611,2,Hugel Avenue (084),a
367,44.753612,-79.8827282,2,Manly Street (190),a
368,44.7500677,-79.8816311,2,Queen Street (262),a
369,44.7506942,-79.8840193,2,Hugel Avenue (156),a
370,44.7512929,-79.8826434,2,Hugel Avenue (234),a
371,44.7518808,-79.8812729,2,Hugel Avenue (241),a
372,44.7538416,-79.8846797,2,Gloucester Street (415),a
373,44.7536939,-79.8851365,2,Bayshore Drive (939),a
374,44.7533543,-79.8853957,2,Bayshore Drive (938),a
375,44.7432811,-79.8930846,2,Seventh Street (524),a
376,44.7530085,-79.8840884,2,Queen Street (264),a
377,44.7527932,-79.8971432,2,Fifth Street (563),a
378,44.7539047,-79.8846353,2,Gloucester Street (417),a
379,44.7544759,-79.8834402,2,Manly Street (218),a
380,44.7484222,-79.8841473,2,Elizabeth Street (043),a
381,44.7482509,-79.884559,2,Elizabeth Street (041),a
382,44.7435681,-79.8972126,2,Norene Street (844),a
383,44.7538416,-79.8846797,2,Queen Street (266),a
384,44.7544185,-79.8846677,2,Bayshore Drive (940),a
385,44.7506942,-79.8840193,2,Midland Avenue (125),a
386,44.7537573,-79.884669,2,Queen Street (265),a
387,44.7434131,-79.8967539,2,Norene Street (841),a
388,44.7506942,-79.8840193,2,Hugel Avenue (156),a
389,44.7455476,-79.8907628,2,Fifth Street (550),a
390,44.7531587,-79.8856395,2,Bayshore Drive (937),a
391,44.7530085,-79.8840884,2,Queen Street (270),a
392,44.7544759,-79.8834402,2,Gloucester Street (404),a
393,44.7538416,-79.8846797,2,Gloucester Street (415),a
394,44.7432503,-79.896517,2,Norene Street (837),a
395,44.7506942,-79.8840193,2,Hugel Avenue (211),a
396,44.7544759,-79.8834402,2,Gloucester Street (419),a
397,44.7544759,-79.8834402,2,Manly Street (234),a
398,44.7506942,-79.8840193,2,Midland Avenue (110),a
399,44.7437104,-79.8974641,2,Norene Street (846),a
400,44.7436501,-79.8934001,2,Seventh Street (072),a
401,44.7433824,-79.8931712,2,Seventh Street (038),a
402,44.7484222,-79.8841473,2,Elizabeth Street (045),a
403,44.7430014,-79.8963019,2,Norene Street (834),a
404,44.7527932,-79.8971432,2,Fifth Street (562),a
405,44.7442343,-79.8938996,2,Seventh Street (073),a
406,44.7533786,-79.8843753,2,Queen Street (457),a
407,44.7538917,-79.8850089,2,Bayshore Drive (086),a
408,44.7527932,-79.8971432,2,Fifth Street (563),a
409,44.7435681,-79.8972126,2,Norene Street (844),a
410,44.7527932,-79.8971432,2,Fifth Street (562),a
411,44.7437104,-79.8974641,2,Norene Street (846),a
412,44.7478989,-79.9195929,2,Vindin Street (854),a
413,44.7479026,-79.9190244,2,Vindin Street (856),a
414,44.7485074,-79.9135051,2,Vindin Street (868),a
415,44.7479603,-79.9184548,2,Vindin Street (857),a
416,44.7483704,-79.9142404,2,Vindin Street (866),a
417,44.7442038,-79.9210512,2,County Road 93 (903),a
418,44.748035,-79.9206515,2,Vindin Street (852),a
419,44.748214,-79.9167319,2,Vindin Street (861),a
420,44.7483548,-79.9144933,2,Vindin Street (865),a
421,44.7479203,-79.9199462,2,Vindin Street (853),a
422,44.7485685,-79.9133018,2,Vindin Street (869),a
423,44.7480798,-79.9177703,2,Vindin Street (859),a
424,44.7478874,-79.9193278,2,Vindin Street (855),a
425,44.7483419,-79.9150368,2,Vindin Street (864),a
426,44.7481386,-79.9173271,2,Vindin Street (860),a
427,44.7482798,-79.9160738,2,Vindin Street (862),a
428,44.7483271,-79.9153655,2,Vindin Street (863),a
429,44.7483951,-79.9139999,2,Vindin Street (867),a
430,44.7480202,-79.9181253,2,Vindin Street (858),a
431,44.7451005,-79.9225884,2,County Road 93 (904),a
432,44.7480985,-79.9263032,2,County Road 93 (912),a
433,44.7483245,-79.9303734,2,Golf Link Road (102),a
434,44.748035,-79.9206515,2,Vindin Street (852),a
435,44.7491206,-79.9283177,2,Golf Link Road (118),a
436,44.7491025,-79.9256776,2,Vindin Street (845),a
437,44.7474573,-79.9324362,2,Golf Link Road (140),a
438,44.7471904,-79.925594,2,County Road 93 (910),a
439,44.7485489,-79.9330855,2,Par Four Drive (186),a
440,44.7487826,-79.9293038,2,Golf Link Road (109),a
441,44.7485613,-79.9330509,2,Par Four Drive (187),a
442,44.7491395,-79.9280087,2,Golf Link Road (120),a
443,44.7467463,-79.9339396,2,Golf Link Road (138),a
444,44.7488299,-79.9267825,2,County Road 93 (448),a
445,44.7487219,-79.9243015,2,Vindin Street (849),a
446,44.7488761,-79.9268675,2,County Road 93 (449),a
447,44.7491595,-79.9260292,2,Vindin Street (844),a
448,44.7485271,-79.9231942,2,Vindin Street (851),a
449,44.7477954,-79.931558,2,Golf Link Road (093),a
450,44.7524167,-79.927611,2,County Road 93 (942),a
451,44.7542206,-79.927306,2,County Road 93 (945),a
452,44.7496518,-79.9270085,2,County Road 93 (937),a
453,44.7487501,-79.9266204,2,County Road 93 (913),a
454,44.7506837,-79.9274691,2,County Road 93 (043),a
455,44.7490725,-79.9285405,2,Golf Link Road (115),a
456,44.7479133,-79.9326996,2,Par Four Drive (197),a
457,44.7489262,-79.9269475,2,County Road 93 (450),a
458,44.7457594,-79.9237257,2,County Road 93 (906),a
459,44.7451005,-79.9225884,2,County Road 93 (904),a
460,44.7491428,-79.9279022,2,Golf Link Road (039),a
461,44.7490779,-79.9265143,2,Vindin Street (443),a
462,44.7489682,-79.927003,2,County Road 93 (447),a
463,44.749024,-79.9270955,2,Golf Link Road (444),a
464,44.7491534,-79.9275663,2,Golf Link Road (122),a
465,44.7507756,-79.9275068,2,County Road 93 (939),a
466,44.7466994,-79.9250852,2,County Road 93 (909),a
467,44.7485479,-79.9328945,2,Par Four Drive (191),a
468,44.7480335,-79.9310231,2,Golf Link Road (097),a
469,44.748915,-79.9290234,2,Golf Link Road (112),a
470,44.7453478,-79.9230242,2,County Road 93 (905),a
471,44.7476806,-79.9326038,2,Par Four Drive (200),a
472,44.7488055,-79.92466,2,Vindin Street (848),a
473,44.7490103,-79.9253353,2,Vindin Street (846),a
474,44.748307,-79.9304243,2,Golf Link Road (099),a
475,44.7486065,-79.9297239,2,Golf Link Road (105),a
476,44.7442038,-79.9210512,2,County Road 93 (903),a
477,44.7461158,-79.9242875,2,County Road 93 (907),a
478,44.7463167,-79.924587,2,County Road 93 (908),a
479,44.7485664,-79.9330167,2,Par Four Drive (188),a
480,44.7485665,-79.9329842,2,Par Four Drive (189),a
481,44.7485607,-79.9329379,2,Par Four Drive (190),a
482,44.7485287,-79.9328559,2,Par Four Drive (192),a
483,44.7484921,-79.9328128,2,Par Four Drive (194),a
484,44.7481992,-79.9327516,2,Par Four Drive (195),a
485,44.7483592,-79.9335138,2,Par Four Drive (185),a
486,44.7488661,-79.924845,2,Vindin Street (847),a
487,44.7478137,-79.9326693,2,Par Four Drive (198),a
488,44.7477528,-79.926051,2,County Road 93 (911),a
489,44.7517554,-79.9276547,2,County Road 93 (941),a
490,44.7514698,-79.9276454,2,County Road 93 (940),a
491,44.7492622,-79.9271552,2,Golf Link Road (445),a
492,44.7500274,-79.927181,2,County Road 93 (042),a
493,44.7493353,-79.9265598,2,Vindin Street (104),a
494,44.7503438,-79.9273299,2,County Road 93 (938),a
495,44.7474573,-79.9324362,2,Golf Link Road (087),a
496,44.748599,-79.9237352,2,Vindin Street (850),a
497,44.7474573,-79.9324362,2,Par Four Drive (202),a
498,44.7490227,-79.9265635,2,County Road 93 (452),a
499,44.7494145,-79.9267222,2,County Road 93 (451),a
500,44.7493394,-79.9270929,2,County Road 93 (446),a
501,44.7537463,-79.9273982,2,County Road 93 (944),a
502,44.7530414,-79.9275076,2,County Road 93 (943),a
503,44.7491537,-79.9274541,2,Golf Link Road (124),a
504,44.7451427,-79.9375772,2,Golf Link Road (748),a
505,44.7467501,-79.9370205,2,Par Four Drive (181),a
506,44.7485613,-79.9330509,2,Par Four Drive (187),a
507,44.7485489,-79.9330855,2,Par Four Drive (186),a
508,44.7474573,-79.9324362,2,Golf Link Road (140),a
509,44.7437765,-79.9407104,2,Golf Link Road (149),a
510,44.7468264,-79.9369176,2,Par Four Drive (183),a
511,44.7456884,-79.9363339,2,Golf Link Road (132),a
512,44.746786,-79.9369816,2,Par Four Drive (182),a
513,44.7455072,-79.9367308,2,Golf Link Road (130),a
514,44.7455072,-79.9367308,2,Par Four Drive (176),a
515,44.7433262,-79.9418029,2,Golf Link Road (144),a
516,44.7460294,-79.9369822,2,Par Four Drive (178),a
517,44.7457584,-79.9368942,2,Par Four Drive (177),a
518,44.7485479,-79.9328945,2,Par Four Drive (191),a
519,44.7478137,-79.9326693,2,Par Four Drive (198),a
520,44.7483592,-79.9335138,2,Par Four Drive (185),a
521,44.7460231,-79.9355445,2,Golf Link Road (134),a
522,44.7466699,-79.9370813,2,Par Four Drive (180),a
523,44.7485664,-79.9330167,2,Par Four Drive (188),a
524,44.7485665,-79.9329842,2,Par Four Drive (189),a
525,44.7485607,-79.9329379,2,Par Four Drive (190),a
526,44.7485287,-79.9328559,2,Par Four Drive (192),a
527,44.7484921,-79.9328128,2,Par Four Drive (194),a
528,44.7481992,-79.9327516,2,Par Four Drive (195),a
529,44.7463053,-79.9349077,2,Golf Link Road (136),a
530,44.7476806,-79.9326038,2,Par Four Drive (200),a
531,44.7450657,-79.9377615,2,Golf Link Road (151),a
532,44.7440314,-79.9401274,2,Golf Link Road (749),a
533,44.7452976,-79.9372066,2,Golf Link Road (154),a
534,44.7467463,-79.9339396,2,Golf Link Road (138),a
535,44.7447258,-79.9385389,2,Golf Link Road (746),a
536,44.7455072,-79.9367308,2,Golf Link Road (157),a
537,44.7443506,-79.9393971,2,Golf Link Road (747),a
538,44.7435406,-79.9412674,2,Golf Link Road (146),a
539,44.7474573,-79.9324362,2,Par Four Drive (202),a
540,44.7479133,-79.9326996,2,Par Four Drive (197),a
541,44.7431533,-79.9422669,2,Golf Link Road (183),a
542,44.7474573,-79.9324362,2,Golf Link Road (087),a
543,44.7473156,-79.935818,2,Par Four Drive (184),a
544,44.7431533,-79.9422669,2,Golf Link Road (142),a
545,44.7465681,-79.9370975,2,Par Four Drive (179),a
546,44.7366409,-79.8468057,2,Wye Valley Road (503),a
547,44.7368795,-79.847007,2,Wye Valley Road (661),a
548,44.736991,-79.847101,2,Wye Valley Road (662),a
549,44.7365598,-79.8467449,2,Wye Valley Road (501),a
550,44.7379257,-79.8581958,2,Pillsbury Drive (213),a
551,44.7426522,-79.8534921,2,Riverwalk Place (657),a
552,44.7357936,-79.8576113,2,Highway 12 (244),a
553,44.742754,-79.8528001,2,Riverwalk Place (644),a
554,44.7376505,-79.8585801,2,Pillsbury Drive (212),a
555,44.7428354,-79.8527551,2,Riverwalk Place (642),a
556,44.7425708,-79.8532014,2,Riverwalk Place (652),a
557,44.7357567,-79.8573259,2,Highway 12 (256),a
558,44.7404032,-79.8499629,2,Wye Valley Road (506),a
559,44.7391338,-79.8574773,2,Pillsbury Drive (215),a
560,44.7395105,-79.8573309,2,Pillsbury Drive (216),a
561,44.7425795,-79.853054,2,Riverwalk Place (650),a
562,44.742786,-79.8536149,2,Riverwalk Place (659),a
563,44.7412444,-79.8567599,2,Pillsbury Drive (745),a
564,44.7427265,-79.8563,2,Pillsbury Drive (220),a
565,44.7429172,-79.8562245,2,Pillsbury Drive (222),a
566,44.7426435,-79.8529107,2,Riverwalk Place (646),a
567,44.742943,-79.8527796,2,Riverwalk Place (640),a
568,44.7425882,-79.8533897,2,Riverwalk Place (655),a
569,44.7406519,-79.8501715,2,Wye Valley Road (507),a
570,44.7357936,-79.8576113,2,Highway 12 (251),a
571,44.7408921,-79.8568616,2,Pillsbury Drive (218),a
572,44.7424295,-79.8564176,2,Pillsbury Drive (219),a
573,44.7399145,-79.8572219,2,Pillsbury Drive (217),a
574,44.7381307,-79.8579896,2,Pillsbury Drive (214),a
575,44.7427843,-79.8926598,2,Yonge Street (107),a
576,44.7427762,-79.8961312,2,Norene Street (831),a
577,44.7406802,-79.8927271,2,Little Lake Park Road (225),a
578,44.7418939,-79.8947013,2,Yonge Street (141),a
579,44.7414508,-79.8912024,2,Little Lake Park Road (311),a
580,44.74255,-79.8881117,2,Little Lake Park Road (237),a
581,44.740896,-79.8932045,2,Little Lake Park Road (223),a
582,44.7416097,-79.8907565,2,Little Lake Park Road (231),a
583,44.7415046,-79.8911235,2,Little Lake Park Road (230),a
584,44.7414248,-79.8912405,2,Little Lake Park Road (229),a
585,44.7423967,-79.894407,2,Eighth Street (668),a
586,44.7422481,-79.8893968,2,Little Lake Park Road (235),a
587,44.7406842,-79.8926574,2,Little Lake Park Road (107),a
588,44.7416747,-79.8952073,2,Yonge Street (162),a
589,44.7406897,-79.8925627,2,Little Lake Park Road (226),a
590,44.7411548,-79.8963609,2,Yonge Street (076),a
591,44.7421673,-79.8894881,2,Little Lake Park Road (108),a
592,44.7423674,-79.8890215,2,Little Lake Park Road (236),a
593,44.7418939,-79.8947013,2,Little Lake Park Road (221),a
594,44.7411882,-79.8962868,2,Yonge Street (077),a
595,44.7419089,-79.8897803,2,Little Lake Park Road (234),a
596,44.7411226,-79.8964323,2,Yonge Street (905),a
597,44.7418939,-79.8947013,2,Yonge Street (178),a
598,44.7417133,-79.8902452,2,Little Lake Park Road (232),a
599,44.7407369,-79.8924175,2,Little Lake Park Road (227),a
600,44.7408966,-79.8920896,2,Little Lake Park Road (228),a
601,44.7418247,-79.8899383,2,Little Lake Park Road (233),a
602,44.7409438,-79.8968253,2,Yonge Street (075),a
603,44.7421316,-79.8941734,2,Yonge Street (142),a
604,44.7419962,-79.8944925,2,Yonge Street (657),a
605,44.7412492,-79.8961513,2,Yonge Street (160),a
606,44.7416747,-79.8952073,2,Yonge Street (177),a
607,44.7421316,-79.8941734,2,Yonge Street (106),a
608,44.7407186,-79.892891,2,Little Lake Park Road (224),a
609,44.7427843,-79.8926598,2,Yonge Street (147),a
610,44.7416747,-79.8952073,2,Norene Street (829),a
611,44.7427843,-79.8926598,2,Seventh Street (523),a
612,44.7416185,-79.895332,2,Yonge Street (161),a
613,44.7421316,-79.8941734,2,Eighth Street (720),a
614,44.7409287,-79.8968624,2,Yonge Street (904),a
615,44.7413806,-79.8939612,2,Little Lake Park Road (222),a
616,44.7358329,-79.9066852,2,County Road 93 (922),a
617,44.7316569,-79.9035279,2,County Road 93 (955),a
618,44.7348837,-79.905298,2,County Road 93 (960),a
619,44.7354078,-79.9059884,2,County Road 93 (921),a
620,44.7334938,-79.904401,2,County Road 93 (957),a
621,44.7344761,-79.9049236,2,County Road 93 (959),a
622,44.7358329,-79.9066852,2,County Road 93 (918),a
623,44.7354747,-79.9087981,2,Sundowner Road (466),a
624,44.7427762,-79.8961312,2,Norene Street (831),a
625,44.7409438,-79.8968253,2,Yonge Street (075),a
626,44.7353126,-79.9076425,2,Sundowner Road (467),a
627,44.7328293,-79.9102047,2,Balm Beach Road East (032),a
628,44.735488,-79.9090557,2,Sundowner Road (465),a
629,44.7352116,-79.9074297,2,Balm Beach Road East (547),a
630,44.7351896,-79.9056971,2,County Road 93 (920),a
631,44.7416747,-79.8952073,2,Norene Street (829),a
632,44.7358329,-79.9066852,2,Balm Beach Road East (548),a
633,44.7339659,-79.9046257,2,County Road 93 (958),a
634,44.7416747,-79.8952073,2,Yonge Street (177),a
635,44.7351896,-79.9056971,2,County Road 93 (961),a
636,44.7416747,-79.8952073,2,Yonge Street (162),a
637,44.7411548,-79.8963609,2,Yonge Street (076),a
638,44.7412492,-79.8961513,2,Yonge Street (160),a
639,44.7358329,-79.9066852,2,Yonge Street (121),a
640,44.7324265,-79.9038701,2,County Road 93 (956),a
641,44.7352116,-79.9074297,2,Balm Beach Road East (536),a
642,44.7355757,-79.9089253,2,Reid Court (684),a
643,44.7354827,-79.9089528,2,Sundowner Road (897),a
644,44.7353782,-79.9094453,2,Sundowner Road (895),a
645,44.7354267,-79.9093345,2,Sundowner Road (464),a
646,44.7416185,-79.895332,2,Yonge Street (161),a
647,44.7359913,-79.9079756,2,Reid Court (682),a
648,44.7354827,-79.9089528,2,Reid Court (683),a
649,44.7356288,-79.9088493,2,Reid Court (681),a
650,44.7352116,-79.9074297,2,Sundowner Road (468),a
651,44.7411226,-79.8964323,2,Yonge Street (905),a
652,44.7316569,-79.9035279,2,County Road 93 (928),a
653,44.7411882,-79.8962868,2,Yonge Street (077),a
654,44.7409287,-79.8968624,2,Yonge Street (904),a
655,44.7392335,-79.9153598,2,Lanigan Drive (936),a
656,44.7395377,-79.9146652,2,Lanigan Drive (937),a
657,44.7392911,-79.9152284,2,Lanigan Drive (117),a
658,44.7335854,-79.9134341,2,Sundowner Road (460),a
659,44.7354747,-79.9087981,2,Sundowner Road (466),a
660,44.7349286,-79.910473,2,Sundowner Road (893),a
661,44.738723,-79.9165252,2,Lanigan Drive (314),a
662,44.7387931,-79.9163653,2,Lanigan Drive (315),a
663,44.735488,-79.9090557,2,Sundowner Road (465),a
664,44.7321355,-79.9134153,2,Sundowner Road (457),a
665,44.731062,-79.9132238,2,Sundowner Road (456),a
666,44.7354827,-79.9089528,2,Reid Court (683),a
667,44.7328293,-79.9102047,2,Balm Beach Road East (032),a
668,44.7398091,-79.9140455,2,Lanigan Drive (735),a
669,44.7353782,-79.9094453,2,Sundowner Road (895),a
670,44.7354827,-79.9089528,2,Sundowner Road (897),a
671,44.7333759,-79.9135213,2,Sundowner Road (458),a
672,44.7320598,-79.911101,2,Balm Beach Road East (535),a
673,44.7336702,-79.9133107,2,Sundowner Road (461),a
674,44.733727,-79.9131789,2,Sundowner Road (462),a
675,44.7334865,-79.9135096,2,Sundowner Road (459),a
676,44.7345956,-79.9111903,2,Sundowner Road (463),a
677,44.7356288,-79.9088493,2,Reid Court (681),a
678,44.7354267,-79.9093345,2,Sundowner Road (464),a
679,44.7355757,-79.9089253,2,Reid Court (684),a
680,44.7315527,-79.9117294,2,Balm Beach Road East (534),a
681,44.729587,-79.8730224,2,Highway 12 (741),a
682,44.723411,-79.8857481,2,Les Barber Boulevard (167),a
683,44.7233604,-79.8858751,2,Les Barber Boulevard (171),a
684,44.7234172,-79.8860772,2,Les Barber Boulevard (180),a
685,44.7234981,-79.885576,2,Les Barber Boulevard (165),a
686,44.7233744,-79.886004,2,Les Barber Boulevard (176),a
687,44.7233928,-79.886044,2,Les Barber Boulevard (177),a
688,44.7285494,-79.8754635,2,Highway 12 (219),a
689,44.729587,-79.8730224,2,Highway 12 (741),a
690,44.7233926,-79.8857747,2,Les Barber Boulevard (168),a
691,44.7233611,-79.8859489,2,Les Barber Boulevard (173),a
692,44.723452,-79.8861056,2,Les Barber Boulevard (182),a
693,44.7234167,-79.8857416,2,Les Barber Boulevard (166),a
694,44.7233777,-79.8858053,2,Les Barber Boulevard (169),a
695,44.7234462,-79.886102,2,Les Barber Boulevard (181),a
696,44.7233669,-79.8858391,2,Les Barber Boulevard (170),a
697,44.7285494,-79.8754635,2,Highway 12 (223),a
698,44.7233585,-79.885912,2,Les Barber Boulevard (172),a
699,44.7233695,-79.8859889,2,Les Barber Boulevard (175),a
700,44.7235167,-79.8861619,2,Les Barber Boulevard (183),a
701,44.7233683,-79.8859846,2,Les Barber Boulevard (174),a
702,44.7234103,-79.8860693,2,Les Barber Boulevard (179),a
703,44.7234075,-79.8860657,2,Les Barber Boulevard (178),a
704,44.7198756,-79.8910388,2,Brebeuf Road (998),a
705,44.7233928,-79.886044,2,Les Barber Boulevard (177),a
706,44.7237341,-79.8863395,2,Les Barber Boulevard (184),a
707,44.7194069,-79.8962093,2,Highway 12 (200),a
708,44.7218418,-79.8906557,2,Highway 12 (205),a
709,44.7237341,-79.8863395,2,Highway 12 (206),a
710,44.719116,-79.8906872,2,Brebeuf Road (994),a
711,44.720118,-79.8909539,2,Brebeuf Road (999),a
712,44.723411,-79.8857481,2,Les Barber Boulevard (167),a
713,44.7233604,-79.8858751,2,Les Barber Boulevard (171),a
714,44.7234167,-79.8857416,2,Les Barber Boulevard (166),a
715,44.7193659,-79.8909055,2,Brebeuf Road (995),a
716,44.7233926,-79.8857747,2,Les Barber Boulevard (168),a
717,44.7233611,-79.8859489,2,Les Barber Boulevard (173),a
718,44.723452,-79.8861056,2,Les Barber Boulevard (182),a
719,44.7237341,-79.8863395,2,Sumac Lane (178),a
720,44.7208851,-79.8904243,2,Brebeuf Road (001),a
721,44.7234172,-79.8860772,2,Les Barber Boulevard (180),a
722,44.7215072,-79.8903947,2,Brebeuf Road (004),a
723,44.7233744,-79.886004,2,Les Barber Boulevard (176),a
724,44.7242518,-79.886766,2,Sumac Lane (885),a
725,44.7234981,-79.885576,2,Les Barber Boulevard (165),a
726,44.7286581,-79.8910565,2,Sumac Lane (192),a
727,44.7249096,-79.887308,2,Sumac Lane (179),a
728,44.7266663,-79.8890364,2,Sumac Lane (185),a
729,44.7282359,-79.8939444,2,Sumac Lane (886),a
730,44.7259375,-79.8881874,2,Sumac Lane (181),a
731,44.7281889,-79.8940024,2,Sumac Lane (203),a
732,44.7293742,-79.891701,2,Sumac Lane (194),a
733,44.7265944,-79.8887471,2,Sumac Lane (183),a
734,44.7268378,-79.8895114,2,Sumac Lane (203),a
735,44.7293742,-79.891945,2,Sumac Lane (197),a
736,44.7277478,-79.8902787,2,Sumac Lane (191),a
737,44.7290969,-79.8925784,2,Sumac Lane (199),a
738,44.7234075,-79.8860657,2,Les Barber Boulevard (178),a
739,44.7233669,-79.8858391,2,Les Barber Boulevard (170),a
740,44.7284172,-79.8937207,2,Sumac Lane (202),a
741,44.7200529,-79.8983704,2,County Road 93 (923),a
742,44.7233695,-79.8859889,2,Les Barber Boulevard (175),a
743,44.7235167,-79.8861619,2,Les Barber Boulevard (183),a
744,44.7194069,-79.8962093,2,Highway 12 (225),a
745,44.7212526,-79.8903507,2,Brebeuf Road (003),a
746,44.7233777,-79.8858053,2,Les Barber Boulevard (169),a
747,44.7234462,-79.886102,2,Les Barber Boulevard (181),a
748,44.7233585,-79.885912,2,Les Barber Boulevard (172),a
749,44.7273008,-79.8898696,2,Sumac Lane (190),a
750,44.7264621,-79.8886193,2,Sumac Lane (182),a
751,44.7266599,-79.8888728,2,Sumac Lane (184),a
752,44.7266486,-79.8891804,2,Sumac Lane (186),a
753,44.7288276,-79.8930547,2,Sumac Lane (201),a
754,44.7233683,-79.8859846,2,Les Barber Boulevard (174),a
755,44.7234103,-79.8860693,2,Les Barber Boulevard (179),a
756,44.719583,-79.8910238,2,Brebeuf Road (996),a
757,44.7204594,-79.8907279,2,Brebeuf Road (000),a
758,44.7216881,-79.8905014,2,Brebeuf Road (005),a
759,44.7269025,-79.8895631,2,Sumac Lane (189),a
760,44.7266714,-79.8893136,2,Sumac Lane (187),a
761,44.7292298,-79.8922852,2,Sumac Lane (198),a
762,44.7267512,-79.8894424,2,Sumac Lane (188),a
763,44.721046,-79.8903574,2,Brebeuf Road (002),a
764,44.721073,-79.892408,2,Highway 12 (204),a
765,44.7200529,-79.8983704,2,County 93 Road (145),a
766,44.72939,-79.8918578,2,Sumac Lane (196),a
767,44.7197496,-79.8910412,2,Brebeuf Road (997),a
768,44.7254584,-79.8877579,2,Sumac Lane (180),a
769,44.7293939,-79.8917675,2,Sumac Lane (195),a
770,44.7218418,-79.8906557,2,Brebeuf Road (006),a
771,44.7219114,-79.8991514,2,County Road 93 (925),a
772,44.7200529,-79.8983704,2,County 93 Road (145),a
773,44.7214454,-79.8989445,2,County Road 93 (924),a
774,44.7271125,-79.9014537,2,County Road 93 (926),a
775,44.7266159,-79.9012339,2,County Road 93 (102),a
776,44.7200529,-79.8983704,2,County Road 93 (923),a
777,44.7216976,-79.8990565,2,County Road 93 (101),a
778,44.7286229,-79.9021561,2,County Road 93 (927),a
779,44.7270051,-79.9182171,2,Balm Beach Road East (542),a
780,44.7280498,-79.9163665,2,Balm Beach Road East (545),a
781,44.7305839,-79.9130262,2,Balm Beach Road East (546),a
782,44.7305839,-79.9130262,2,Sundowner Road (454),a
783,44.7307751,-79.9131516,2,Sundowner Road (455),a
784,44.7305839,-79.9130262,2,Balm Beach Road East (533),a
785,44.7277478,-79.9167889,2,Balm Beach Road East (544),a
786,44.7274729,-79.917236,2,Balm Beach Road East (543),a
787,44.7241323,-79.9257334,2,Balm Beach Road East (537),a
788,44.7248831,-79.9232445,2,Balm Beach Road East (539),a
789,44.7252422,-79.9221897,2,Balm Beach Road East (541),a
790,44.7244395,-79.9248943,2,Balm Beach Road East (538),a
791,44.7273216,-79.9284369,2,Old School House Road (287),a
792,44.7250491,-79.9227111,2,Balm Beach Road East (540),a
793,44.7241323,-79.9257334,2,Balm Beach Road East (687),a
794,44.7173887,-79.8971118,2,Sarah Burke Memorial Highway (241),a
795,44.7148247,-79.8959554,2,Sarah Burke Memorial Highway (245),a
796,44.7173887,-79.8971118,2,Sarah Burke Memorial Highway (246),a
797,44.7147141,-79.895897,2,Sarah Burke Memorial Highway (103),a
798,44.7148419,-79.9063372,2,Angela Schmidt Foster Road (696),a
799,44.7155534,-79.9046091,2,Angela Schmidt Foster Road (698),a
800,44.7179076,-79.899343,2,Angela Schmidt Foster Road (707),a
801,44.71597,-79.903573,2,Angela Schmidt Foster Road (700),a
802,44.7175441,-79.8999306,2,Angela Schmidt Foster Road (705),a
803,44.7170333,-79.901102,2,Angela Schmidt Foster Road (701),a
804,44.7187436,-79.8977446,2,Angela Schmidt Foster Road (712),a
805,44.7187436,-79.8977446,2,County 93 Road (142),a
806,44.7187436,-79.8977446,2,Highway 12 (224),a
807,44.7148247,-79.8959554,2,Sarah Burke Memorial Highway (245),a
808,44.7147141,-79.895897,2,Sarah Burke Memorial Highway (103),a
809,44.7173887,-79.8971118,2,Sarah Burke Memorial Highway (246),a
810,44.7187436,-79.8977446,2,Sarah Burke Memorial Highway (243),a
811,44.7184567,-79.8984108,2,Angela Schmidt Foster Road (711),a
812,44.7177784,-79.897301,2,Sarah Burke Memorial Highway (242),a
813,44.7170333,-79.901102,2,Angela Schmidt Foster Road (702),a
814,44.7182357,-79.8988317,2,Angela Schmidt Foster Road (709),a
815,44.7172791,-79.9004533,2,Angela Schmidt Foster Road (703),a
816,44.7173887,-79.8971118,2,Sarah Burke Memorial Highway (241),a
817,44.7111899,-79.9146234,2,The Angela Schmidt Foster Road (975),a
818,44.7111899,-79.9146234,2,Angela Schmidt Foster Road (693),a
819,44.7014879,-79.9063161,2,Marshall Road (112),a
